year,category,item_name,size,price_min,price_max
2019,ART SUPPLIES,Adult Coloring Book (50 pg),,4.5,4.5
2019,ART SUPPLIES,Colored Pencils,12 pk,1.6,1.6
2019,ART SUPPLIES,Drawing Pad,9x12,1.25,1.25
2019,ART SUPPLIES,Illustration Boards,2 pk,4.3,4.3
2019,ART SUPPLIES,Mini Colored Pencils,24 pk,2.5,2.5
2019,ART SUPPLIES,Protractor Ruler,,0.45,0.45
2019,ART SUPPLIES,Watercolor Pad,9x12,5.25,5.25
2019,ART SUPPLIES,Watercolor Paints,16 colors,1.35,1.35
2019,CANDY,Cinnamon Jawbreaker,10 oz,1.5,1.5
2019,CANDY,EK Peppermint Stick,1 oz,0.1,0.1
2019,CANDY,Fruit Filled Hard Candy,22 oz,2.4,2.4
2019,CANDY,Rainbow Fruit Stick,1 oz,0.1,0.1
2019,CANDY,Sugar Free Jolly Rancher Candy,,2.4,2.4
2019,CANDY,Tootsie Pops,8 pk,0.9,0.9
2019,CANDY,Twix Candy Bar,1.79 oz,0.85,0.85
2019,CLOTHING,Boxer Shorts,,3.3,3.3
2019,CLOTHING,Gym Shorts,,4.5,6.5
2019,CLOTHING,Socks,,1.5,1.5
2019,CLOTHING,T-Shirts,,6.5,7.5
2019,CONDIMENTS,BBQ Sauce,18 oz,1.1,1.1
2019,CONDIMENTS,EG Mustard,14 oz,0.9,0.9
2019,CONDIMENTS,EKH Sweetener,100 pks,0.85,0.85
2019,CONDIMENTS,Non-Dairy Creamer,12 oz,1.45,1.45
2019,CONDIMENTS,Ranch Dressing Pack,1.5 oz,0.2,0.2
2019,CONDIMENTS,Salsa-Medium,15 oz,3.0,3.0
2019,CONDIMENTS,Salt/Pepper Shaker,4.5 oz,1.35,1.35
2019,CONDIMENTS,Sandwich Spread,15 oz,1.4,1.4
2019,CONDIMENTS,Stevia Sweetener,,1.35,1.35
2019,CONDIMENTS,Strawberry Preserves,12 oz,1.3,1.3
2019,CORRESPONDENCE,Carbon Paper,10 sheets,2.0,2.0
2019,CORRESPONDENCE,Dictionary (English),,7.0,7.0
2019,CORRESPONDENCE,Envelope-#10 Business,,0.03,0.03
2019,CORRESPONDENCE,Eraser-Pencil/Ink,,0.35,0.35
2019,CORRESPONDENCE,Folder Storage,10x15,1.25,1.25
2019,CORRESPONDENCE,Greeting Cards-Assorted,,0.4,0.4
2019,CORRESPONDENCE,Jumbo Envelope,18x23,0.95,0.95
2019,CORRESPONDENCE,Manilla Envelope-Writ,2 pk,0.52,0.52
2019,CORRESPONDENCE,"Pen-Black ""Property""",,0.3,0.3
2019,CORRESPONDENCE,Pencil Sharpener,,0.45,0.45
2019,CORRESPONDENCE,Pencil-Lead,,0.15,0.15
2019,CORRESPONDENCE,Stamps-Assorted,,0.01,6.7
2019,CORRESPONDENCE,Typing Paper,50 sheets,0.95,0.95
2019,CORRESPONDENCE,Writing Tablet 8x11,50 sht,2.0,2.0
2019,ELECTRICAL,"Adaptor-1/8""-1/4"" headphone",,1.5,1.5
2019,ELECTRICAL,Adaptor-75/300 ohm,,1.3,1.3
2019,ELECTRICAL,Alarm Clock,,4.75,4.75
2019,ELECTRICAL,ClearTech Lift Off,,0.35,0.35
2019,ELECTRICAL,Clip On Lamp-Plastic,,11.0,11.0
2019,ELECTRICAL,Coax Cable,,1.35,1.35
2019,ELECTRICAL,Dipole Antenna-FM T-Style,,2.0,2.0
2019,ELECTRICAL,Earbud-Stereo,,1.0,1.0
2019,ELECTRICAL,"Fan 9"" Electric",,20.0,20.0
2019,ELECTRICAL,Headphones,,5.5,5.5
2019,ELECTRICAL,Hot Pot w/Insert,,22.5,22.5
2019,ELECTRICAL,Lift Off Correction Ribbon,,2.0,2.0
2019,ELECTRICAL,Multi Outlet (2 plug),,7.5,7.5
2019,ELECTRICAL,Olympia/Clear Tech Ribbon,,1.75,1.75
2019,ELECTRICAL,Radio/Clock-Clear Tech,,20.0,20.0
2019,ELECTRICAL,Swintec Printwheel-Pica,,40.0,40.0
2019,ELECTRICAL,Swintec Ribbon-Black,,6.5,6.5
2019,ELECTRICAL,Typewriter-Swintec,,225.0,225.0
2019,FEMALE ONLY,Always Pantiliners,20 ct,1.35,1.35
2019,FEMALE ONLY,Briefs/Panties,3 pk,6.25,8.0
2019,FEMALE ONLY,Eyeliner/Brow Pencil-.05 oz,,0.7,0.7
2019,FEMALE ONLY,Foundation-Asst Shades,1 oz,0.7,0.7
2019,FEMALE ONLY,Hair Dryer-1600 Watts,,22.0,22.0
2019,FEMALE ONLY,Hijab-Females Only,,17.0,17.0
2019,FEMALE ONLY,Hygiene Pack,7 piece,24.0,24.0
2019,FEMALE ONLY,Ladies Speed Stick,2.3 oz,2.5,2.5
2019,FEMALE ONLY,Lipstick-Asst Colors,,4.75,4.75
2019,FEMALE ONLY,Mascara-Avon/Black-.21 oz,,9.0,9.0
2019,FEMALE ONLY,Maxi Pads,22 ct,2.45,2.45
2019,FEMALE ONLY,Ogilvie Hair Perm,,10.0,10.0
2019,FEMALE ONLY,Ponytail Holders,10 pk,1.0,1.0
2019,FEMALE ONLY,Sports Bra,,6.0,6.0
2019,FEMALE ONLY,"Storage Box-14""x8""x8""",,16.0,16.0
2019,FEMALE ONLY,Tweezer-Blunt,,0.75,0.75
2019,GAMES,Chess Set,,5.75,5.75
2019,HYGIENE,Ad Seg Colgate,1 oz,0.7,0.7
2019,HYGIENE,Ad Seg Shampoo,4 oz,0.55,0.55
2019,HYGIENE,Afta After Shave,3 oz,0.6,0.6
2019,HYGIENE,Ambi Skin Cream,2 oz,6.75,6.75
2019,HYGIENE,Antibacterial Lotion,4 oz,0.85,0.85
2019,HYGIENE,Antibacterial Soap,1.25 oz,0.15,0.15
2019,HYGIENE,Antifungal Foot Powder,3.5 oz,1.4,1.4
2019,HYGIENE,Baby Powder,15 oz,1.05,1.05
2019,HYGIENE,Baby Shampoo,15 oz,1.25,1.25
2019,HYGIENE,Blue Magic Hair Cond,4 oz,1.5,1.5
2019,HYGIENE,Brushless Shave Cream,5 oz,0.8,0.8
2019,HYGIENE,Cocoa Butter Lotion,8 oz,1.15,1.15
2019,HYGIENE,Colgate Toothpaste,6 oz,2.75,2.75
2019,HYGIENE,Conditioner,15 oz,1.25,1.25
2019,HYGIENE,Cotton Swabs,100 ct,0.55,0.55
2019,HYGIENE,Dandruff Shampoo,12 oz,1.25,1.25
2019,HYGIENE,Dial Soap,1.25 oz,0.2,0.2
2019,HYGIENE,Efferdent,102 tablets,8.0,8.0
2019,HYGIENE,Hair Brush-No Handle,,0.65,0.65
2019,HYGIENE,Hair Gel,12 oz,1.2,1.2
2019,HYGIENE,Magic Shave Cream,6 oz,4.45,4.45
2019,HYGIENE,Medi/Cleanse Cream,8 oz,1.2,1.2
2019,HYGIENE,Medicated Powder,10 oz,1.25,1.25
2019,HYGIENE,Nail Clippers,,0.3,0.3
2019,HYGIENE,Petroleum Jelly,4 oz,0.75,0.75
2019,HYGIENE,Pocket Comb,,0.25,0.25
2019,HYGIENE,Razor Disposable,10 pk,0.65,0.65
2019,HYGIENE,Sensodyne Toothpaste,4 oz,6.5,6.5
2019,HYGIENE,Shampoo,15 oz,1.25,1.25
2019,HYGIENE,Sunscreen-SPF,8 oz,4.75,4.75
2019,HYGIENE,Toilet Tissue (roll),,0.5,0.5
2019,ICE CREAM,Blue Bell Pints- Asst Flavors,,2.25,2.25
2019,INSTANT DRINK MIX,EH Milk-Instant Nonfat,4 oz,0.8,0.8
2019,INSTANT DRINK MIX,EK Columbian Coffee,4.5 oz,2.0,2.0
2019,INSTANT DRINK MIX,EK Plantation Coffee,4.5 oz,0.9,0.9
2019,INSTANT DRINK MIX,Hot Chocolate,10 oz,0.95,0.95
2019,INSTANT DRINK MIX,Sugar Free Hot Chocolate,,2.1,2.1
2019,INSTANT FOODS,Cereal-Assorted Flavors,20 oz,3.2,3.2
2019,INSTANT FOODS,EH Low Sodium Ramen Noodles,,0.3,0.3
2019,INSTANT FOODS,EK Potatoes-4 Cheese,4 oz,2.05,2.05
2019,INSTANT FOODS,EK White Rice-Instant,8 oz,0.75,0.75
2019,INSTANT FOODS,Pasta - Instant,9 oz,1.85,1.85
2019,INSTANT FOODS,Refried Beans-Instant,15 oz,1.5,1.5
2019,JEWELRY / RELIGIOUS,Hat-White Knitted,,8.0,8.0
2019,JEWELRY / RELIGIOUS,Hat-White Solid,,1.25,1.25
2019,JEWELRY / RELIGIOUS,Medallions,,4.0,19.25
2019,JEWELRY / RELIGIOUS,Prayer Oil,4 oz,18.75,18.75
2019,JEWELRY / RELIGIOUS,Wood Rune Set,,10.0,10.0
2019,JUICES / WATER / TEA,Cranberry Juice,11.5 oz,0.7,0.7
2019,JUICES / WATER / TEA,Orange Juice,11.5 oz,0.7,0.7
2019,KOSHER ITEMS,Cheese Ravioli,12 oz,3.85,3.85
2019,KOSHER ITEMS,Instant Chili w/ Beans,12 oz,1.5,1.5
2019,KOSHER ITEMS,Matzo Crackers,10 oz,3.25,3.25
2019,KOSHER ITEMS,Stuffed Chicken,12 oz,6.25,6.25
2019,MALE ONLY,Hygiene Pack,3 piece,13.0,13.0
2019,MALE ONLY,Mennen Antiperspirant,3 oz,2.5,2.5
2019,MALE ONLY,Mennen Deodorant,3 oz,2.5,2.5
2019,MISCELLANEOUS,Battery AA,,0.3,0.3
2019,MISCELLANEOUS,Bowl - Plastic,,1.0,1.0
2019,MISCELLANEOUS,Commissary Mesh Bag,,3.75,3.75
2019,MISCELLANEOUS,Cooling Towel,,2.0,2.0
2019,MISCELLANEOUS,Ear Plugs,,0.2,0.2
2019,MISCELLANEOUS,Handkerchief,,0.85,0.85
2019,MISCELLANEOUS,ID Badge,,0.5,0.5
2019,MISCELLANEOUS,Jersey Gloves-Cotton,,2.75,2.75
2019,MISCELLANEOUS,Laces-45 inch White,,0.85,0.85
2019,MISCELLANEOUS,Laces-54 inch White,,0.95,0.95
2019,MISCELLANEOUS,Laces-Boot-54 inch Tan,,1.0,1.0
2019,MISCELLANEOUS,Mug - Plastic,,1.1,1.1
2019,MISCELLANEOUS,Padlock w/Key,,13.25,13.25
2019,"OTC MEDICATIONS, VITAMINS, ETC",Acid Reducer 150 mg,24 tabs,2.1,2.1
2019,"OTC MEDICATIONS, VITAMINS, ETC",Acne Benzoyl 10%,1.5 oz,2.65,2.65
2019,"OTC MEDICATIONS, VITAMINS, ETC",Alcalak Antacid,24 tabs,1.1,1.1
2019,"OTC MEDICATIONS, VITAMINS, ETC",Artificial Tears Eye Drops-.5 oz,,1.75,1.75
2019,"OTC MEDICATIONS, VITAMINS, ETC",Aspirin,24 tabs,1.0,1.0
2019,"OTC MEDICATIONS, VITAMINS, ETC",Aspirin Free-APAP,24 tabs,1.2,1.2
2019,"OTC MEDICATIONS, VITAMINS, ETC",Calamine Lotion,6 oz,1.55,1.55
2019,"OTC MEDICATIONS, VITAMINS, ETC",Chlorphen Tabs,24 tabs,0.85,0.85
2019,"OTC MEDICATIONS, VITAMINS, ETC",Clotrimazole Antifungal Cream,,1.1,1.1
2019,"OTC MEDICATIONS, VITAMINS, ETC",Diamode-Anti Diarrheal,6 pks,0.95,0.95
2019,"OTC MEDICATIONS, VITAMINS, ETC",Earwax Drops,15 ml,1.9,1.9
2019,"OTC MEDICATIONS, VITAMINS, ETC",Fiber Lax,90 tabs,5.25,5.25
2019,"OTC MEDICATIONS, VITAMINS, ETC",Fixodent Denture,,4.25,4.25
2019,"OTC MEDICATIONS, VITAMINS, ETC",Hemorrhoid Ointment,1 oz,1.75,1.75
2019,"OTC MEDICATIONS, VITAMINS, ETC",Hydrocortisone Cream,1 oz,1.5,1.5
2019,"OTC MEDICATIONS, VITAMINS, ETC",Ibutab-Ibuprofen,24 tabs,1.25,1.25
2019,"OTC MEDICATIONS, VITAMINS, ETC",Laxative-Bisacodyl,25 tabs,1.15,1.15
2019,"OTC MEDICATIONS, VITAMINS, ETC",Loratadine Allergy,30 tabs,2.0,2.0
2019,"OTC MEDICATIONS, VITAMINS, ETC",Milk Thistle,60 tabs,3.4,3.4
2019,"OTC MEDICATIONS, VITAMINS, ETC",Milk of Magnesia,4 oz,2.45,2.45
2019,"OTC MEDICATIONS, VITAMINS, ETC",Nasacort Nasal Spray,,15.0,15.0
2019,"OTC MEDICATIONS, VITAMINS, ETC",Pepto Bismuth,30 tabs,2.0,2.0
2019,"OTC MEDICATIONS, VITAMINS, ETC",Simethicone Anti/Gas,36 tabs,1.3,1.3
2019,"OTC MEDICATIONS, VITAMINS, ETC",Terbinafine Antifungal Crm-.5 oz,,7.0,7.0
2019,"OTC MEDICATIONS, VITAMINS, ETC",Tolnaftate Antifungal Cream-.5 oz,,0.85,0.85
2019,"OTC MEDICATIONS, VITAMINS, ETC",Triple Antibiotic Ointment,1 oz,2.0,2.0
2019,"OTC MEDICATIONS, VITAMINS, ETC",Vitamin-Amino Acid,100 tabs,4.75,4.75
2019,"OTC MEDICATIONS, VITAMINS, ETC",Vitamin-C500 Complex,100 tabs,2.65,2.65
2019,"OTC MEDICATIONS, VITAMINS, ETC",Vitamin-Calcium,100 tabs,2.35,2.35
2019,"OTC MEDICATIONS, VITAMINS, ETC",Vitamin-E 200 IU,100 tabs,3.35,3.35
2019,"OTC MEDICATIONS, VITAMINS, ETC",Vitamin-Garlic/Oil,100 tabs,2.85,2.85
2019,"OTC MEDICATIONS, VITAMINS, ETC",Vitamin-Multi No Iron,100 tabs,2.3,2.3
2019,"OTC MEDICATIONS, VITAMINS, ETC",Vitamin-Omega,120 tabs,3.85,3.85
2019,OTHER FOOD ITEMS,EK Dill Pickle,15 oz,0.7,0.7
2019,PACKAGED MEAT,EH Chicken Chili w/Beans,8 oz,1.45,1.45
2019,PACKAGED MEAT,EH Chunk Chicken,7 oz,2.75,2.75
2019,PACKAGED MEAT,EKH Mackerel-Fillet,3.53 oz,0.85,0.85
2019,PACKAGED MEAT,EKH Tuna In Water,4.23 oz,1.45,1.45
2019,PACKAGED MEAT,Pink Salmon,,1.75,1.75
2019,SHOES,Reebok- Men & Women,,49.0,49.0
2019,SHOES,Shower Shoes,,5.5,7.0
2019,SHOES,Work Boot,,10.0,25.0
2019,SNACKS,Almonds,2.25 oz,1.5,1.5
2019,SNACKS,EGH Sunflower Kernels,6 oz,0.85,0.85
2019,SNACKS,EK Tortilla Chips,16 oz,1.5,1.5
2019,SNACKS,KH Energizer Mix,2 oz,0.35,0.35
2019,SNACKS,Spicy Pork Skins,2.75 oz,0.85,0.85
2019,SODAS,Big Red,12 oz,0.55,0.55
2019,SODAS,EK Dr Pepper,12 oz,0.55,0.55
2019,SODAS,Fanta Orange,12 oz,0.55,0.55
2019,SODAS,Fanta Pineapple,12 oz,0.55,0.55
2019,SODAS,Mountain Dew,12 oz,0.55,0.55
2020,ART SUPPLIES,Adult Coloring Book (50 pg),,4.75,4.75
2020,ART SUPPLIES,Colored Pencils,12 pk,1.55,1.55
2020,ART SUPPLIES,Drawing Pad,9x12,1.25,1.25
2020,ART SUPPLIES,Illustration Boards,2 pk,4.3,4.3
2020,ART SUPPLIES,Mini Colored Pencils,24 pk,2.5,2.5
2020,ART SUPPLIES,Protractor Ruler,,0.5,0.5
2020,ART SUPPLIES,Watercolor Pad,9x12,5.5,5.5
2020,ART SUPPLIES,Watercolor Paints,16 colors,1.5,1.5
2020,CANDY,Cinnamon Jawbreaker,10 oz,1.55,1.55
2020,CANDY,EK Peppermint Stick,1 oz,0.1,0.1
2020,CANDY,Fruit Filled Hard Candy,22 oz,2.5,2.5
2020,CANDY,Rainbow Fruit Stick,1 oz,0.1,0.1
2020,CANDY,Sugar Free Jolly Rancher Candy,,2.6,2.6
2020,CANDY,Tootsie Pops,8 pk,0.9,0.9
2020,CANDY,Twix Candy Bar,1.79 oz,0.95,0.95
2020,CLOTHING,Boxer Shorts,,3.3,4.5
2020,CLOTHING,Cooling T-Shirts,,4.5,7.0
2020,CLOTHING,Gym Shorts,,7.0,7.0
2020,CLOTHING,Socks,,1.5,1.5
2020,CLOTHING,T-Shirts,,7.0,7.0
2020,CONDIMENTS,BBQ Sauce,18 oz,1.1,1.1
2020,CONDIMENTS,EH Cream Cheese Packet,2 oz,0.55,0.55
2020,CONDIMENTS,EK Creamy Peanut Butter,18 oz,2.4,2.4
2020,CONDIMENTS,EKH Sweetener,100 pks,0.85,0.85
2020,CONDIMENTS,Grape Jelly,12 oz,1.5,1.5
2020,CONDIMENTS,Non-Dairy Creamer,12 oz,1.5,1.5
2020,CONDIMENTS,Ranch Dressing Pack,1.5 oz,0.2,0.2
2020,CONDIMENTS,Salsa-Medium,15 oz,3.0,3.0
2020,CONDIMENTS,Salt/Pepper Shaker,4.5 oz,1.35,1.35
2020,CONDIMENTS,Sandwich Spread,15 oz,1.4,1.4
2020,CONDIMENTS,Stevia Sweetener,,1.35,1.35
2020,CONDIMENTS,Strawberry Preserves,12 oz,1.5,1.5
2020,CORRESPONDENCE,Carbon Paper,10 sheets,2.25,2.25
2020,CORRESPONDENCE,Dictionary (English),,6.0,6.0
2020,CORRESPONDENCE,Dictionary (Spanish/English),,5.25,5.25
2020,CORRESPONDENCE,Envelope-#10 Business,,0.03,0.03
2020,CORRESPONDENCE,Eraser-Pencil/Ink,,0.35,0.35
2020,CORRESPONDENCE,Folder Storage,10x15,1.35,1.35
2020,CORRESPONDENCE,Folder w/Pockets-Color,5 pk,3.15,3.15
2020,CORRESPONDENCE,Greeting Cards-Assorted,,0.4,0.4
2020,CORRESPONDENCE,Jumbo Envelope,18x23,1.2,1.2
2020,CORRESPONDENCE,Manilla Envelope-Writ,2 pk,0.52,0.52
2020,CORRESPONDENCE,"Pen-Black ""Property""",,0.3,0.3
2020,CORRESPONDENCE,Pencil Sharpener,,0.35,0.35
2020,CORRESPONDENCE,Pencil-Lead,,0.15,0.15
2020,CORRESPONDENCE,Stamps-Assorted,,0.01,7.75
2020,CORRESPONDENCE,Typing Paper,50 sheets,0.95,0.95
2020,CORRESPONDENCE,Writing Tablet 8x11,50 sht,2.25,2.25
2020,ELECTRICAL,"Adaptor-1/8""-1/4"" headphone",,1.5,1.5
2020,ELECTRICAL,Adaptor-75/300 ohm,,1.35,1.35
2020,ELECTRICAL,Alarm Clock,,6.0,6.0
2020,ELECTRICAL,ClearTech Lift Off,,0.35,0.35
2020,ELECTRICAL,Clip On Lamp-Plastic,,11.0,11.0
2020,ELECTRICAL,Coax Cable,,1.35,1.35
2020,ELECTRICAL,Dipole Antenna-FM T-Style,,1.9,1.9
2020,ELECTRICAL,Earbud-Stereo,,1.0,1.0
2020,ELECTRICAL,"Fan 9"" Electric",,20.0,20.0
2020,ELECTRICAL,Headphones,,6.0,6.0
2020,ELECTRICAL,Hot Pot w/Insert,,22.5,22.5
2020,ELECTRICAL,LED Light Bulb,,2.35,2.35
2020,ELECTRICAL,Lift Off Correction Ribbon,,2.0,2.0
2020,ELECTRICAL,Multi Outlet (2 plug),,8.0,8.0
2020,ELECTRICAL,Olympia/Clear Tech Ribbon,,1.75,1.75
2020,ELECTRICAL,Radio/Clock-Clear Tech,,20.0,20.0
2020,ELECTRICAL,Swintec Printwheel-Pica,,40.0,40.0
2020,ELECTRICAL,Swintec Ribbon-Black,,3.75,6.5
2020,ELECTRICAL,Typewriter-Swintec,,225.0,225.0
2020,FEMALE ONLY,Always Pantiliners,20 ct,1.35,1.35
2020,FEMALE ONLY,Briefs/Panties,3 pk,7.0,9.0
2020,FEMALE ONLY,Eyeliner/Brow Pencil-.05 oz,,0.7,0.7
2020,FEMALE ONLY,Foundation-Asst Shades,1 oz,3.9,10.0
2020,FEMALE ONLY,Hair Dryer-1600 Watts,,22.0,22.0
2020,FEMALE ONLY,Hijab-Females Only,,17.0,17.0
2020,FEMALE ONLY,Hygiene Pack,7 piece,20.0,20.0
2020,FEMALE ONLY,Ladies Speed Stick,2.3 oz,2.5,2.5
2020,FEMALE ONLY,Lipstick-Asst Colors,,5.0,5.0
2020,FEMALE ONLY,Mascara-Avon/Black-.21 oz,,9.0,9.0
2020,FEMALE ONLY,Maxi Pads,22 ct,2.45,2.45
2020,FEMALE ONLY,Ogilvie Hair Perm,,10.0,10.0
2020,FEMALE ONLY,Ponytail Holders,10 pk,1.0,1.0
2020,FEMALE ONLY,Sports Bra,,6.0,6.0
2020,FEMALE ONLY,"Storage Box-14""x8""x8""",,16.0,16.0
2020,FEMALE ONLY,Tweezer-Blunt,,0.75,0.75
2020,GAMES,Chess Set,,6.5,6.5
2020,HYGIENE,Ad Seg Colgate,1 oz,0.75,0.75
2020,HYGIENE,Ad Seg Shampoo,4 oz,0.55,0.55
2020,HYGIENE,Afta After Shave,3 oz,2.75,2.75
2020,HYGIENE,Ambi Skin Cream,2 oz,6.75,6.75
2020,HYGIENE,Antibacterial Lotion,4 oz,0.85,0.85
2020,HYGIENE,Antibacterial Soap,1.25 oz,0.15,0.15
2020,HYGIENE,Antifungal Foot Powder,3.5 oz,1.4,1.4
2020,HYGIENE,Baby Powder,15 oz,1.05,1.05
2020,HYGIENE,Baby Shampoo,15 oz,1.25,1.25
2020,HYGIENE,Blistex Medicated Lip Balm,,1.15,1.15
2020,HYGIENE,Blue Magic Hair Cond,4 oz,1.5,1.5
2020,HYGIENE,Brushless Shave Cream,5 oz,0.8,0.8
2020,HYGIENE,Cocoa Butter Lotion,8 oz,1.15,1.15
2020,HYGIENE,Colgate Toothpaste,6 oz,2.75,2.75
2020,HYGIENE,Conditioner,15 oz,1.25,1.25
2020,HYGIENE,Cotton Swabs,100 ct,0.55,0.55
2020,HYGIENE,Dandruff Shampoo,12 oz,1.25,1.25
2020,HYGIENE,Dial Soap,1.25 oz,0.2,0.2
2020,HYGIENE,Efferdent,102 tablets,8.0,8.0
2020,HYGIENE,Fixodent Denture,,4.5,4.5
2020,HYGIENE,Hair Brush-No Handle,,0.65,0.65
2020,HYGIENE,Hair Gel,12 oz,1.2,1.2
2020,HYGIENE,Lubriderm Lotion,,3.3,3.3
2020,HYGIENE,Magic Shave Cream,6 oz,4.45,4.45
2020,HYGIENE,Medi/Cleanse Cream,8 oz,1.2,1.2
2020,HYGIENE,Medicated Powder,10 oz,1.25,1.25
2020,HYGIENE,Nail Clippers,,0.35,0.35
2020,HYGIENE,Petroleum Jelly,4 oz,0.75,0.75
2020,HYGIENE,Pocket Comb,,0.3,0.3
2020,HYGIENE,Razor Disposable,10 pk,1.15,1.15
2020,HYGIENE,Sensodyne Toothpaste,4 oz,7.0,7.0
2020,HYGIENE,Shampoo,15 oz,1.25,1.25
2020,HYGIENE,Sunscreen-SPF,8 oz,4.5,4.5
2020,HYGIENE,Toilet Tissue (roll),,0.5,0.5
2020,ICE CREAM,Blue Bell Pints- Asst Flavors,,2.35,2.35
2020,ICE CREAM,Chocolate Fudge Bar,,0.65,0.65
2020,ICE CREAM,Cookies & Cream I/C/S,,0.65,0.65
2020,ICE CREAM,Krunch Bar,,0.65,0.65
2020,ICE CREAM,Moo Bar,,0.65,0.65
2020,ICE CREAM,Vanilla Ice Cream Sandwich,,0.65,0.65
2020,INSTANT DRINK MIX,EH Milk-Instant Nonfat,4 oz,0.85,0.85
2020,INSTANT DRINK MIX,EH Sugar Free Drink Mix,8 pk,0.8,0.8
2020,INSTANT DRINK MIX,EK Cappuccino-Asst Flavors,12 oz,1.4,1.4
2020,INSTANT DRINK MIX,EK Columbian Coffee,4.5 oz,2.0,2.0
2020,INSTANT DRINK MIX,EK Plantation Coffee,4.5 oz,0.9,0.9
2020,INSTANT DRINK MIX,GH Nutrition Shake,,1.15,1.15
2020,INSTANT DRINK MIX,Hot Chocolate,10 oz,1.0,1.0
2020,INSTANT DRINK MIX,Sugar Free Hot Chocolate,,2.1,2.1
2020,INSTANT DRINK MIX,Tea Bags,100 bags,1.65,1.65
2020,INSTANT FOODS,Cereal-Assorted Flavors,20 oz,3.15,3.15
2020,INSTANT FOODS,EH Low Sodium Ramen Noodles,,0.3,0.3
2020,INSTANT FOODS,EH Oatmeal Variety (10 Pk),12.4 oz,1.5,1.5
2020,INSTANT FOODS,EK Potatoes-4 Cheese,4 oz,2.05,2.05
2020,INSTANT FOODS,Pasta - Instant,9 oz,1.8,1.8
2020,INSTANT FOODS,Refried Beans-Instant,15 oz,1.7,1.7
2020,JEWELRY / RELIGIOUS,Hat-White Knitted,,8.0,8.0
2020,JEWELRY / RELIGIOUS,Hat-White Solid,,1.25,1.25
2020,JEWELRY / RELIGIOUS,Medallions,,4.0,19.25
2020,JEWELRY / RELIGIOUS,Medicine Bag,,3.65,3.65
2020,JEWELRY / RELIGIOUS,Prayer Oil,4 oz,20.0,20.0
2020,JEWELRY / RELIGIOUS,Wood Rune Set,,10.0,10.0
2020,KOSHER ITEMS,Cheese Ravioli,12 oz,4.75,4.75
2020,KOSHER ITEMS,Instant Chili w/ Beans,12 oz,1.5,1.5
2020,KOSHER ITEMS,Matzo Crackers,10 oz,3.25,3.25
2020,KOSHER ITEMS,Stuffed Chicken,12 oz,6.5,6.5
2020,MALE ONLY,Hygiene Pack,3 piece,13.0,13.0
2020,MALE ONLY,Mennen Antiperspirant,3 oz,2.5,2.5
2020,MALE ONLY,Mennen Deodorant,3 oz,2.5,2.5
2020,MISCELLANEOUS,Battery AA,,0.4,0.4
2020,MISCELLANEOUS,Bowl - Plastic,,1.0,1.0
2020,MISCELLANEOUS,Commissary Mesh Bag,,3.75,3.75
2020,MISCELLANEOUS,Cooling Towel,,2.0,2.0
2020,MISCELLANEOUS,Ear Plugs,,0.2,0.2
2020,MISCELLANEOUS,Handkerchief,,0.85,0.85
2020,MISCELLANEOUS,ID Badge,,0.65,0.65
2020,MISCELLANEOUS,Jersey Gloves-Cotton,,0.9,0.9
2020,MISCELLANEOUS,Laces-45 inch White,,0.9,0.9
2020,MISCELLANEOUS,Laces-54 inch White,,1.0,1.0
2020,MISCELLANEOUS,Laces-Boot-54 inch Tan,,1.0,1.0
2020,MISCELLANEOUS,Mug - Plastic,,1.1,1.1
2020,MISCELLANEOUS,Padlock w/Key,,13.25,13.25
2020,"OTC MEDICATIONS, VITAMINS, ETC",Acid Reducer 150 mg,24 tabs,1.9,1.9
2020,"OTC MEDICATIONS, VITAMINS, ETC",Acne Benzoyl 10%,1.5 oz,2.45,2.45
2020,"OTC MEDICATIONS, VITAMINS, ETC",Alcalak Antacid,24 tabs,1.1,1.1
2020,"OTC MEDICATIONS, VITAMINS, ETC",Artificial Tears Eye Drops-.5 oz,,1.6,1.6
2020,"OTC MEDICATIONS, VITAMINS, ETC",Aspirin,24 tabs,0.95,0.95
2020,"OTC MEDICATIONS, VITAMINS, ETC",Aspirin Free-APAP,24 tabs,1.1,1.1
2020,"OTC MEDICATIONS, VITAMINS, ETC",Calamine Lotion,6 oz,1.45,1.45
2020,"OTC MEDICATIONS, VITAMINS, ETC",Chlorphen Tabs,24 tabs,0.75,0.75
2020,"OTC MEDICATIONS, VITAMINS, ETC",Clotrimazole Antifungal Cream,,1.1,1.1
2020,"OTC MEDICATIONS, VITAMINS, ETC",Diamode-Anti Diarrheal,6 pks,0.9,0.9
2020,"OTC MEDICATIONS, VITAMINS, ETC",Earwax Drops,15 ml,2.0,2.0
2020,"OTC MEDICATIONS, VITAMINS, ETC",Fiber Lax,90 tabs,4.5,4.5
2020,"OTC MEDICATIONS, VITAMINS, ETC",Hemorrhoid Ointment,2 oz,3.2,3.2
2020,"OTC MEDICATIONS, VITAMINS, ETC",Hydrocortisone Cream,1 oz,1.35,1.35
2020,"OTC MEDICATIONS, VITAMINS, ETC",Ibutab-Ibuprofen,24 tabs,1.55,1.55
2020,"OTC MEDICATIONS, VITAMINS, ETC",Laxative-Bisacodyl,25 tabs,1.1,1.1
2020,"OTC MEDICATIONS, VITAMINS, ETC",Loratadine Allergy,30 tabs,1.9,1.9
2020,"OTC MEDICATIONS, VITAMINS, ETC",Milk Thistle,60 tabs,2.7,2.7
2020,"OTC MEDICATIONS, VITAMINS, ETC",Milk of Magnesia,4 oz,2.2,2.2
2020,"OTC MEDICATIONS, VITAMINS, ETC",Nasacort Nasal Spray,,17.0,17.0
2020,"OTC MEDICATIONS, VITAMINS, ETC",Pepto Bismuth,30 tabs,1.85,1.85
2020,"OTC MEDICATIONS, VITAMINS, ETC",Simethicone Anti/Gas,36 tabs,1.2,1.2
2020,"OTC MEDICATIONS, VITAMINS, ETC",Terbinafine Antifungal Crm-.5 oz,,0.6,0.6
2020,"OTC MEDICATIONS, VITAMINS, ETC",Tolnaftate Antifungal Cream-.5 oz,,0.8,0.8
2020,"OTC MEDICATIONS, VITAMINS, ETC",Triple Antibiotic Ointment,1 oz,1.85,1.85
2020,"OTC MEDICATIONS, VITAMINS, ETC",Vitamin-Amino Acid,100 tabs,3.75,3.75
2020,"OTC MEDICATIONS, VITAMINS, ETC",Vitamin-C500 Complex,100 tabs,2.3,2.3
2020,"OTC MEDICATIONS, VITAMINS, ETC",Vitamin-Calcium,100 tabs,2.25,2.25
2020,"OTC MEDICATIONS, VITAMINS, ETC",Vitamin-E 200 IU,100 tabs,2.65,2.65
2020,"OTC MEDICATIONS, VITAMINS, ETC",Vitamin-Garlic/Oil,100 tabs,2.25,2.25
2020,"OTC MEDICATIONS, VITAMINS, ETC",Vitamin-Multi No Iron,100 tabs,1.85,1.85
2020,"OTC MEDICATIONS, VITAMINS, ETC",Vitamin-Omega,120 tabs,3.1,3.1
2020,OTHER FOOD ITEMS,EK Dill Pickle,15 oz,0.7,0.7
2020,PACKAGED MEAT,EH Chicken Chili w/Beans,8 oz,1.6,1.6
2020,PACKAGED MEAT,EH Chunk Chicken,7 oz,2.55,2.55
2020,PACKAGED MEAT,EH Low Sodium Chili No Beans,8 oz,1.6,1.6
2020,PACKAGED MEAT,EKH Sardines,3.53 oz,0.85,0.85
2020,PACKAGED MEAT,EKH Tuna In Water,4.23 oz,1.6,1.6
2020,PACKAGED MEAT,Pink Salmon,,1.75,1.75
2020,SHOES,Reebok- Men & Women,,49.0,49.0
2020,SHOES,Shower Shoes,,5.5,7.0
2020,SHOES,Work Boot,,25.0,25.0
2020,SNACKS,Almonds,2.25 oz,1.8,1.8
2020,SNACKS,BBQ Chips,8 oz,1.25,1.25
2020,SNACKS,EK Tortilla Chips,16 oz,1.55,1.55
2020,SNACKS,EKH Saltine Cracker,4 oz,0.35,0.35
2020,SNACKS,Jalapeno Cheese Puffs,,1.5,1.5
2020,SNACKS,Spicy Pork Skins,2.75 oz,0.95,0.95
2020,SODAS,Big Red,12 oz,0.55,0.55
2020,SODAS,EK Dr Pepper,12 oz,0.55,0.55
2020,SODAS,EKH Coke Zero,12 oz,0.55,0.55
2020,SODAS,EKH Diet Coca Cola,12 oz,0.55,0.55
2020,SODAS,Fanta Orange,12 oz,0.55,0.55
2020,SODAS,Fanta Pineapple,12 oz,0.55,0.55
2020,SODAS,KH Diet Dr. Pepper,12 oz,0.55,0.55
2020,SODAS,Mountain Dew,12 oz,0.55,0.55
2020,SODAS,Root Beer,12 oz,0.55,0.55
2021,ART SUPPLIES,Adult Coloring Book (50 pg),,4.75,4.75
2021,ART SUPPLIES,Colored Pencils,12 pk,1.55,1.55
2021,ART SUPPLIES,Drawing Pad,9x12,1.25,1.25
2021,ART SUPPLIES,Illustration Boards,2 pk,4.5,4.5
2021,ART SUPPLIES,Mini Colored Pencils,24 pk,2.5,2.5
2021,ART SUPPLIES,Protractor Ruler,,0.35,0.35
2021,ART SUPPLIES,Watercolor Pad,9x12,5.5,5.5
2021,ART SUPPLIES,Watercolor Paints,16 colors,3.85,3.85
2021,CANDY,Chick-o-Stick- .7 oz,,0.2,0.2
2021,CANDY,Cinnamon Jawbreaker,10 oz,1.55,1.55
2021,CANDY,EK Peppermint Stick,1 oz,0.1,0.1
2021,CANDY,Fruit Filled Hard Candy,22 oz,2.5,2.5
2021,CANDY,Rainbow Fruit Stick,1 oz,0.1,0.1
2021,CANDY,Sugar Free Jolly Rancher Candy,,2.6,2.6
2021,CANDY,Tootsie Pops,8 pk,0.9,0.9
2021,CANDY,Twix Candy Bar,1.79 oz,0.95,0.95
2021,CLOTHING,Boxer Shorts,,3.5,7.5
2021,CLOTHING,Cooling T-Shirts,,6.75,6.75
2021,CLOTHING,Gym Shorts,,8.0,8.0
2021,CLOTHING,Socks,,1.4,1.4
2021,CLOTHING,T-Shirts,,7.0,7.0
2021,CONDIMENTS,BBQ Sauce,18 oz,1.1,1.1
2021,CONDIMENTS,EG Mustard,14 oz,0.9,0.9
2021,CONDIMENTS,EH Cream Cheese Packet,2 oz,0.55,0.55
2021,CONDIMENTS,EK Creamy Peanut Butter,18 oz,2.4,2.4
2021,CONDIMENTS,EKH Sweetener,100 pks,0.85,0.85
2021,CONDIMENTS,Grape Jelly,12 oz,1.5,1.5
2021,CONDIMENTS,Non-Dairy Creamer,12 oz,1.55,1.55
2021,CONDIMENTS,Ranch Dressing Pack,1.5 oz,0.2,0.2
2021,CONDIMENTS,Salsa-Medium,15 oz,3.0,3.0
2021,CONDIMENTS,Salt/Pepper Shaker,4.5 oz,1.35,1.35
2021,CONDIMENTS,Sandwich Spread,15 oz,1.4,1.4
2021,CONDIMENTS,Stevia Sweetener,,1.3,1.3
2021,CONDIMENTS,Strawberry Preserves,12 oz,1.5,1.5
2021,CORRESPONDENCE,Carbon Paper,10 sheets,2.25,2.25
2021,CORRESPONDENCE,Dictionary (English),,6.0,6.0
2021,CORRESPONDENCE,Dictionary (Spanish/English),,5.25,5.25
2021,CORRESPONDENCE,Envelope-#10 Business,,0.05,0.05
2021,CORRESPONDENCE,Eraser-Pencil/Ink,,0.35,0.35
2021,CORRESPONDENCE,Folder Storage,10x15,1.35,1.35
2021,CORRESPONDENCE,Folder w/Pockets-Color,5 pk,3.25,3.25
2021,CORRESPONDENCE,Greeting Cards-Assorted,,0.4,0.4
2021,CORRESPONDENCE,Jumbo Envelope,18x23,1.2,1.2
2021,CORRESPONDENCE,Manilla Envelope-Writ,2 pk,0.52,0.52
2021,CORRESPONDENCE,"Pen-Black ""Property""",,0.3,0.3
2021,CORRESPONDENCE,Pencil Sharpener,,0.35,0.35
2021,CORRESPONDENCE,Pencil-Lead,,0.15,0.15
2021,CORRESPONDENCE,Stamps-Assorted,,0.01,7.75
2021,CORRESPONDENCE,Typing Paper,50 sheets,0.95,0.95
2021,CORRESPONDENCE,Writing Tablet 8x11,50 sht,2.25,2.25
2021,ELECTRICAL,"Adaptor-1/8""-1/4"" headphone",,1.5,1.5
2021,ELECTRICAL,Adaptor-75/300 ohm,,1.35,1.35
2021,ELECTRICAL,Alarm Clock,,6.0,6.0
2021,ELECTRICAL,ClearTech Lift Off,,0.35,0.35
2021,ELECTRICAL,Clip On Lamp-Plastic,,11.0,11.0
2021,ELECTRICAL,Coax Cable,,1.55,1.55
2021,ELECTRICAL,Dipole Antenna-FM T-Style,,2.75,2.75
2021,ELECTRICAL,Earbud-Stereo,,1.0,1.0
2021,ELECTRICAL,"Fan 9"" Electric",,20.0,20.0
2021,ELECTRICAL,GED Series Calculator,,13.5,13.5
2021,ELECTRICAL,Headphones,,6.0,6.0
2021,ELECTRICAL,Hot Pot w/Insert,,22.5,22.5
2021,ELECTRICAL,LED Light Bulb,,2.35,2.35
2021,ELECTRICAL,Lift Off Correction Ribbon,,2.0,2.0
2021,ELECTRICAL,Multi Outlet (2 plug),,8.0,8.0
2021,ELECTRICAL,Olympia/Clear Tech Ribbon,,1.75,1.75
2021,ELECTRICAL,Radio/Clock-Clear Tech,,20.0,20.0
2021,ELECTRICAL,Solar Calculator,,4.0,4.0
2021,ELECTRICAL,Swintec Printwheel-Pica,,40.0,40.0
2021,ELECTRICAL,Swintec Ribbon-Black,,3.75,6.5
2021,ELECTRICAL,Typewriter-Swintec,,360.0,360.0
2021,FEMALE ONLY,Always Pantiliners,20 ct,1.35,1.35
2021,FEMALE ONLY,Briefs/Panties,3 pk,7.0,9.0
2021,FEMALE ONLY,Eyeliner/Brow Pencil-.05 oz,,5.25,5.25
2021,FEMALE ONLY,Foundation-Asst Shades,1 oz,3.9,10.0
2021,FEMALE ONLY,Hair Dryer-1600 Watts,,22.0,22.0
2021,FEMALE ONLY,Hijab-Females Only,,17.0,17.0
2021,FEMALE ONLY,Hygiene Pack,7 piece,20.0,20.0
2021,FEMALE ONLY,Ladies Speed Stick,2.3 oz,1.35,1.35
2021,FEMALE ONLY,Lip Therapy,,1.5,1.5
2021,FEMALE ONLY,Lipstick-Asst Colors,,5.0,5.0
2021,FEMALE ONLY,Mascara-Avon/Black-.21 oz,,10.0,10.0
2021,FEMALE ONLY,Maxi Pads,22 ct,2.45,2.45
2021,FEMALE ONLY,Monistat,,22.0,22.0
2021,FEMALE ONLY,Ogilvie Hair Perm,,10.0,10.0
2021,FEMALE ONLY,Ponytail Holders,10 pk,1.0,1.0
2021,FEMALE ONLY,Sports Bra,,6.0,6.0
2021,FEMALE ONLY,"Storage Box-14""x8""x8""",,22.0,22.0
2021,FEMALE ONLY,Tweezer-Blunt,,0.75,0.75
2021,GAMES,Chess Set,,6.5,6.5
2021,HYGIENE,Ad Seg Colgate,1 oz,0.8,0.8
2021,HYGIENE,Ad Seg Shampoo,4 oz,0.55,0.55
2021,HYGIENE,Afta After Shave,3 oz,2.75,2.75
2021,HYGIENE,Ambi Skin Cream,2 oz,6.75,6.75
2021,HYGIENE,Antibacterial Lotion,4 oz,0.9,0.9
2021,HYGIENE,Antibacterial Soap,1.25 oz,0.15,0.15
2021,HYGIENE,Antifungal Foot Powder,3.5 oz,1.4,1.4
2021,HYGIENE,Baby Powder,15 oz,1.0,1.0
2021,HYGIENE,Baby Shampoo,15 oz,1.3,1.3
2021,HYGIENE,Blistex Medicated Lip Balm,,1.15,1.15
2021,HYGIENE,Blue Magic Hair Cond,12 oz,1.5,1.5
2021,HYGIENE,Brushless Shave Cream,5 oz,0.8,0.8
2021,HYGIENE,Cocoa Butter Lotion,8 oz,1.0,1.0
2021,HYGIENE,Colgate Toothpaste,6 oz,2.6,2.6
2021,HYGIENE,Conditioner,15 oz,1.25,1.25
2021,HYGIENE,Cotton Swabs,100 ct,0.55,0.55
2021,HYGIENE,Dandruff Shampoo,12 oz,1.45,1.45
2021,HYGIENE,Dental Floss Picks,,0.7,0.7
2021,HYGIENE,Dial Soap,1.25 oz,0.2,0.2
2021,HYGIENE,Efferdent,102 tablets,7.5,7.5
2021,HYGIENE,Fixodent Denture,,4.75,4.75
2021,HYGIENE,Hair Brush-No Handle,,0.65,0.65
2021,HYGIENE,Hair Gel,20 oz,1.1,1.1
2021,HYGIENE,Lubriderm Lotion,,3.5,3.5
2021,HYGIENE,Magic Shave Cream,6 oz,4.45,4.45
2021,HYGIENE,Medi/Cleanse Cream,8 oz,1.2,1.2
2021,HYGIENE,Medicated Powder,10 oz,1.2,1.2
2021,HYGIENE,Nail Clippers,,0.4,0.4
2021,HYGIENE,Petroleum Jelly,4 oz,0.75,0.75
2021,HYGIENE,Pocket Comb,,0.3,0.3
2021,HYGIENE,Razor Disposable,10 pk,1.75,1.75
2021,HYGIENE,Sensodyne Toothpaste,4 oz,7.0,7.0
2021,HYGIENE,Shampoo,15 oz,1.25,1.25
2021,HYGIENE,Toilet Tissue (roll),,0.6,0.6
2021,ICE CREAM,Blue Bell Pints- Asst Flavors,,2.35,2.35
2021,ICE CREAM,Chocolate Fudge Bar,,0.65,0.65
2021,ICE CREAM,Cookies & Cream I/C/S,,0.65,0.65
2021,ICE CREAM,Krunch Bar,,0.65,0.65
2021,ICE CREAM,Moo Bar,,0.65,0.65
2021,ICE CREAM,Vanilla Ice Cream Sandwich,,0.65,0.65
2021,INSTANT DRINK MIX,EH Sugar Free Drink Mix,8 pk,0.8,0.8
2021,INSTANT DRINK MIX,EK Cappuccino-Asst Flavors,,1.45,1.45
2021,INSTANT DRINK MIX,EK Columbian Coffee,4.5 oz,2.0,2.0
2021,INSTANT DRINK MIX,EK Plantation Coffee,4.5 oz,0.9,0.9
2021,INSTANT DRINK MIX,EKH Electrolyte Mix-Asst Flavors,,0.15,0.15
2021,INSTANT DRINK MIX,GH Nutrition Shake,11 oz,1.95,1.95
2021,INSTANT DRINK MIX,Hot Chocolate,10 oz,1.0,1.0
2021,INSTANT DRINK MIX,Sugar Free Hot Chocolate,,2.1,2.1
2021,INSTANT DRINK MIX,Tea Bags,100 bags,1.65,1.65
2021,INSTANT FOODS,Cereal-Assorted Flavors,20 oz,3.3,3.3
2021,INSTANT FOODS,EH Low Sodium Ramen Noodles,,0.3,0.3
2021,INSTANT FOODS,EH Oatmeal Variety (10 Pk),12.4 oz,1.5,1.5
2021,INSTANT FOODS,EK Potatoes-4 Cheese,4 oz,2.05,2.05
2021,INSTANT FOODS,EK White Rice-Instant,8 oz,1.05,1.05
2021,INSTANT FOODS,Pasta - Instant,9 oz,1.8,1.8
2021,INSTANT FOODS,Refried Beans-Instant,15 oz,1.7,1.7
2021,JEWELRY / RELIGIOUS,Chain/Lanyard,,0.55,0.55
2021,JEWELRY / RELIGIOUS,Hat-White Knitted,,8.0,8.0
2021,JEWELRY / RELIGIOUS,Hat-White Solid,,1.25,1.25
2021,JEWELRY / RELIGIOUS,Medallions,,4.0,19.25
2021,JEWELRY / RELIGIOUS,Medicine Bag,,3.25,3.25
2021,JEWELRY / RELIGIOUS,Prayer Oil,4 oz,20.0,20.0
2021,JEWELRY / RELIGIOUS,Wood Rune Set,,12.5,12.5
2021,KOSHER ITEMS,Cheese Ravioli,12 oz,5.0,5.0
2021,KOSHER ITEMS,Instant Chili w/ Beans,12 oz,1.5,1.5
2021,KOSHER ITEMS,Matzo Crackers,10 oz,3.25,3.25
2021,KOSHER ITEMS,Stuffed Chicken,12 oz,6.5,6.5
2021,MALE ONLY,Hygiene Pack,3 piece,10.0,10.0
2021,MALE ONLY,Mennen Antiperspirant,3 oz,2.45,2.45
2021,MALE ONLY,Mennen Deodorant,3 oz,1.0,1.0
2021,MISCELLANEOUS,Battery AA,,0.4,0.4
2021,MISCELLANEOUS,Bowl - Plastic,,1.0,1.0
2021,MISCELLANEOUS,Commissary Mesh Bag,,2.65,2.65
2021,MISCELLANEOUS,Cooling Towel,,2.0,2.0
2021,MISCELLANEOUS,Ear Plugs,,0.15,0.15
2021,MISCELLANEOUS,Handkerchief,,0.9,0.9
2021,MISCELLANEOUS,ID Badge,,0.65,0.65
2021,MISCELLANEOUS,Jersey Gloves-Cotton,,0.85,0.85
2021,MISCELLANEOUS,Laces-45 inch White,,1.0,1.0
2021,MISCELLANEOUS,Laces-54 inch White,,1.1,1.1
2021,MISCELLANEOUS,Laces-Boot-54 inch Tan,,1.0,1.0
2021,MISCELLANEOUS,Mug - Plastic,,2.25,2.25
2021,MISCELLANEOUS,Padlock w/Key,,13.25,13.25
2021,"OTC MEDICATIONS, VITAMINS, ETC",Acid Reducer 150 mg,24 tabs,1.9,1.9
2021,"OTC MEDICATIONS, VITAMINS, ETC",Acne Benzoyl 10%,1.5 oz,4.0,4.0
2021,"OTC MEDICATIONS, VITAMINS, ETC",Alcalak Antacid,24 tabs,1.1,1.1
2021,"OTC MEDICATIONS, VITAMINS, ETC",Artificial Tears Eye Drops-.5 oz,,1.6,1.6
2021,"OTC MEDICATIONS, VITAMINS, ETC",Aspirin,24 tabs,1.0,1.0
2021,"OTC MEDICATIONS, VITAMINS, ETC",Aspirin Free-APAP,24 tabs,1.2,1.2
2021,"OTC MEDICATIONS, VITAMINS, ETC",Calamine Lotion,6 oz,1.45,1.45
2021,"OTC MEDICATIONS, VITAMINS, ETC",Chlorphen Tabs,24 tabs,0.75,0.75
2021,"OTC MEDICATIONS, VITAMINS, ETC",Clotrimazole Antifungal Cream,,1.1,1.1
2021,"OTC MEDICATIONS, VITAMINS, ETC",Cold-Eze Lozenges,,7.0,7.0
2021,"OTC MEDICATIONS, VITAMINS, ETC",Diamode-Anti Diarrheal,6 pks,0.9,0.9
2021,"OTC MEDICATIONS, VITAMINS, ETC",Earwax Drops,15 ml,1.95,1.95
2021,"OTC MEDICATIONS, VITAMINS, ETC",Fiber Lax,90 tabs,4.5,4.5
2021,"OTC MEDICATIONS, VITAMINS, ETC",Hemorrhoid Ointment,2 oz,3.2,3.2
2021,"OTC MEDICATIONS, VITAMINS, ETC",Hydrocortisone Cream,1 oz,1.35,1.35
2021,"OTC MEDICATIONS, VITAMINS, ETC",Ibutab-Ibuprofen,24 tabs,1.55,1.55
2021,"OTC MEDICATIONS, VITAMINS, ETC",Laxative-Bisacodyl,25 tabs,1.1,1.1
2021,"OTC MEDICATIONS, VITAMINS, ETC",Loratadine Allergy,30 tabs,1.9,1.9
2021,"OTC MEDICATIONS, VITAMINS, ETC",Milk Thistle,60 tabs,2.7,2.7
2021,"OTC MEDICATIONS, VITAMINS, ETC",Milk of Magnesia,4 oz,2.2,2.2
2021,"OTC MEDICATIONS, VITAMINS, ETC",Nasacort Nasal Spray,,17.0,17.0
2021,"OTC MEDICATIONS, VITAMINS, ETC",Pepto Bismuth,30 tabs,1.85,1.85
2021,"OTC MEDICATIONS, VITAMINS, ETC",Simethicone Anti/Gas,36 tabs,1.2,1.2
2021,"OTC MEDICATIONS, VITAMINS, ETC",Sunscreen-SPF,4 oz,3.0,3.0
2021,"OTC MEDICATIONS, VITAMINS, ETC",Terbinafine Antifungal Crm-.5 oz,,6.6,6.6
2021,"OTC MEDICATIONS, VITAMINS, ETC",Tolnaftate Antifungal Cream-.5 oz,,0.8,0.8
2021,"OTC MEDICATIONS, VITAMINS, ETC",Triple Antibiotic Ointment,1 oz,1.85,1.85
2021,"OTC MEDICATIONS, VITAMINS, ETC",Vitamin-Amino Acid,100 tabs,3.75,3.75
2021,"OTC MEDICATIONS, VITAMINS, ETC",Vitamin-C500 Complex,100 tabs,2.3,2.3
2021,"OTC MEDICATIONS, VITAMINS, ETC",Vitamin-Calcium,100 tabs,2.25,2.25
2021,"OTC MEDICATIONS, VITAMINS, ETC",Vitamin-D,,2.0,2.0
2021,"OTC MEDICATIONS, VITAMINS, ETC",Vitamin-E 200 IU,100 tabs,2.65,2.65
2021,"OTC MEDICATIONS, VITAMINS, ETC",Vitamin-Garlic/Oil,100 tabs,2.25,2.25
2021,"OTC MEDICATIONS, VITAMINS, ETC",Vitamin-Multi No Iron,100 tabs,2.35,2.35
2021,"OTC MEDICATIONS, VITAMINS, ETC",Vitamin-Omega,120 tabs,3.1,3.1
2021,PACKAGED MEAT,Beef Tips & Gravy,,4.25,4.25
2021,PACKAGED MEAT,EH Chicken Chili w/Beans,8 oz,1.6,1.6
2021,PACKAGED MEAT,EH Low Sodium Chili No Beans,8 oz,1.9,1.9
2021,PACKAGED MEAT,EKH Sardines,3.53 oz,0.85,0.85
2021,PACKAGED MEAT,EKH Tuna In Water,4.23 oz,1.6,1.6
2021,PACKAGED MEAT,Pink Salmon,,1.85,1.85
2021,SHOES,Reebok- Men & Women,,49.0,49.0
2021,SHOES,Shower Shoes,,5.5,7.0
2021,SHOES,Work Boot,,25.0,25.0
2021,SNACKS,Almonds,2.25 oz,1.8,1.8
2021,SNACKS,BBQ Chips,8 oz,1.25,1.25
2021,SNACKS,Cookies- Buds,8 oz,1.1,1.1
2021,SNACKS,Cookies-Marias,,0.5,0.5
2021,SNACKS,Cream Cheese Pound Cake,,0.9,0.9
2021,SNACKS,EKH Saltine Cracker,4 oz,0.35,0.35
2021,SNACKS,KH Energizer Mix,2 oz,0.4,0.4
2021,SNACKS,Spicy Pork Skins,2.75 oz,1.0,1.0
2021,SODAS,Big Red,12 oz,0.55,0.55
2021,SODAS,EK Dr Pepper,12 oz,0.55,0.55
2021,SODAS,EKH Coke Zero,12 oz,0.55,0.55
2021,SODAS,EKH Diet Coca Cola,12 oz,0.55,0.55
2021,SODAS,Fanta Orange,12 oz,0.55,0.55
2021,SODAS,Fanta Pineapple,12 oz,0.55,0.55
2021,SODAS,KH Diet Dr. Pepper,12 oz,0.55,0.55
2021,SODAS,Mountain Dew,12 oz,0.55,0.55
2021,SODAS,Root Beer,12 oz,0.55,0.55
2022,ART SUPPLIES,Adult Coloring Book (50 pg),,4.75,4.75
2022,ART SUPPLIES,Colored Pencils,12 pk,1.55,1.55
2022,ART SUPPLIES,Drawing Pad,9x12,1.3,1.3
2022,ART SUPPLIES,Illustration Boards,2 pk,4.5,4.5
2022,ART SUPPLIES,Mini Colored Pencils,24 pk,2.5,2.5
2022,ART SUPPLIES,Protractor Ruler,,0.35,0.35
2022,ART SUPPLIES,Watercolor Pad,9x12,5.5,5.5
2022,ART SUPPLIES,Watercolor Paints,16 colors,3.85,3.85
2022,BEVERAGES,Big Red,12 oz,0.55,0.55
2022,BEVERAGES,Cranberry Juice,11.5 oz,0.7,0.7
2022,BEVERAGES,EK Dr Pepper,12 oz,0.55,0.55
2022,BEVERAGES,EKH Coke Zero,12 oz,0.55,0.55
2022,BEVERAGES,EKH Diet Coca Cola,12 oz,0.55,0.55
2022,BEVERAGES,Fanta Orange,12 oz,0.55,0.55
2022,BEVERAGES,Fanta Pineapple,12 oz,0.55,0.55
2022,BEVERAGES,KH Diet Dr. Pepper,12 oz,0.55,0.55
2022,BEVERAGES,Mountain Dew,12 oz,0.55,0.55
2022,BEVERAGES,Orange Juice,11.5 oz,0.7,0.7
2022,BEVERAGES,Root Beer,12 oz,0.55,0.55
2022,CANDY,Chick-o-Stick- .7 oz,,0.2,0.2
2022,CANDY,Cinnamon Jawbreaker,10 oz,1.55,1.55
2022,CANDY,EK Peppermint Stick,1 oz,0.1,0.1
2022,CANDY,Fruit Filled Hard Candy,22 oz,2.5,2.5
2022,CANDY,Rainbow Fruit Stick,1 oz,0.1,0.1
2022,CANDY,Sugar Free Jolly Rancher Candy,,3.0,3.0
2022,CANDY,Tootsie Pops,8 pk,0.9,0.9
2022,CANDY,Twix Candy Bar,1.79 oz,1.0,1.0
2022,CLOTHING,Boxer Shorts,,4.5,4.5
2022,CLOTHING,Cooling T-Shirts,,4.25,7.5
2022,CLOTHING,Gym Shorts,,8.5,8.5
2022,CLOTHING,Socks,,1.4,1.4
2022,CLOTHING,T-Shirts,,7.0,7.0
2022,CONDIMENTS,BBQ Sauce,18 oz,1.25,1.25
2022,CONDIMENTS,EH Cream Cheese Packet,2 oz,0.65,0.65
2022,CONDIMENTS,Grape Jelly,12 oz,1.5,1.5
2022,CONDIMENTS,Non-Dairy Creamer,12 oz,1.65,1.65
2022,CONDIMENTS,Ranch Dressing Pack,1.5 oz,0.3,0.3
2022,CONDIMENTS,Salsa-Medium,15 oz,3.75,3.75
2022,CONDIMENTS,Salt/Pepper Shaker,4.5 oz,1.45,1.45
2022,CONDIMENTS,Sandwich Spread,15 oz,1.4,1.4
2022,CONDIMENTS,Stevia Sweetener,,1.4,1.4
2022,CONDIMENTS,Strawberry Preserves,12 oz,1.5,1.5
2022,CORRESPONDENCE,Carbon Paper,25 sheets,4.95,4.95
2022,CORRESPONDENCE,Dictionary (English),,6.0,6.0
2022,CORRESPONDENCE,Dictionary (Spanish/English),,6.0,6.0
2022,CORRESPONDENCE,Envelope-#10 Business,,0.05,0.05
2022,CORRESPONDENCE,Eraser-Pencil/Ink,,0.35,0.35
2022,CORRESPONDENCE,Folder Storage,10x15,1.4,1.4
2022,CORRESPONDENCE,Folder w/Pockets-Color,5 pk,3.75,3.75
2022,CORRESPONDENCE,Greeting Cards-Assorted,,0.4,0.4
2022,CORRESPONDENCE,Jumbo Envelope,18x23,1.5,1.5
2022,CORRESPONDENCE,Manilla Envelope-Writ,2 pk,0.52,0.52
2022,CORRESPONDENCE,"Pen-Black ""Property""",,0.3,0.3
2022,CORRESPONDENCE,Pencil Sharpener,,0.5,0.5
2022,CORRESPONDENCE,Pencil-Lead,,0.15,0.15
2022,CORRESPONDENCE,Stamps-Assorted,,0.01,8.95
2022,CORRESPONDENCE,Typing Paper,50 sheets,0.95,0.95
2022,CORRESPONDENCE,Writing Tablet 8x11,50 sheet,2.25,2.25
2022,ELECTRICAL,"Adaptor-1/8""-1/4"" headphone",,1.5,1.5
2022,ELECTRICAL,Adaptor-75/300 ohm,,1.35,1.35
2022,ELECTRICAL,Alarm Clock,,6.75,6.75
2022,ELECTRICAL,ClearTech Lift Off,,0.35,0.35
2022,ELECTRICAL,Clip On Lamp-Plastic,,12.0,12.0
2022,ELECTRICAL,Coax Cable,,1.85,1.85
2022,ELECTRICAL,Dipole Antenna-FM T-Style,,4.25,4.25
2022,ELECTRICAL,Earbud-Stereo,,3.25,3.25
2022,ELECTRICAL,"Fan 9"" Electric",,23.0,23.0
2022,ELECTRICAL,GED Series Calculator,,13.5,13.5
2022,ELECTRICAL,Headphones,,7.0,7.0
2022,ELECTRICAL,Hot Pot w/Insert,,24.5,24.5
2022,ELECTRICAL,LED Light Bulb,,4.5,4.5
2022,ELECTRICAL,Lift Off Correction Ribbon,,2.0,2.0
2022,ELECTRICAL,Multi Outlet (2 plug),,9.0,9.0
2022,ELECTRICAL,Olympia/Clear Tech Ribbon,,1.75,1.75
2022,ELECTRICAL,Radio/Clock-Clear Tech,,20.0,20.0
2022,ELECTRICAL,Solar Calculator,,4.0,4.0
2022,ELECTRICAL,Swintec Printwheel-Pica,,40.0,40.0
2022,ELECTRICAL,Swintec Ribbon-Black,,3.5,6.5
2022,ELECTRICAL,Typewriter-Swintec,,360.0,360.0
2022,FEMALE ONLY,Always Pantiliners,20 ct,1.35,1.35
2022,FEMALE ONLY,Briefs/Panties,3 pk,7.0,7.0
2022,FEMALE ONLY,Eyeliner/Brow Pencil-.05 oz,,5.25,5.25
2022,FEMALE ONLY,Foundation-Asst Shades,1 oz,3.9,12.0
2022,FEMALE ONLY,Hair Dryer-1600 Watts,,24.0,24.0
2022,FEMALE ONLY,Hijab-Females Only,,17.0,17.0
2022,FEMALE ONLY,Hygiene Pack,7 piece,20.0,20.0
2022,FEMALE ONLY,Hygiene Pack,3 piece,7.5,7.5
2022,FEMALE ONLY,Ladies Speed Stick,2.3 oz,1.35,1.35
2022,FEMALE ONLY,Lip Therapy,,1.5,1.5
2022,FEMALE ONLY,Lipstick-Asst Colors,,5.0,8.5
2022,FEMALE ONLY,Mascara-Avon/Black-.21 oz,,10.0,10.0
2022,FEMALE ONLY,Maxi Pads,22 ct,2.85,2.85
2022,FEMALE ONLY,Ogilvie Hair Perm,,10.0,20.0
2022,FEMALE ONLY,Ponytail Holders,10 pk,1.0,1.0
2022,FEMALE ONLY,Sports Bra,,6.0,6.0
2022,FEMALE ONLY,"Storage Box-14""x8""x8""",,22.0,22.0
2022,FEMALE ONLY,Tweezer-Blunt,,0.75,0.75
2022,GAMES,Chess Set,,8.0,8.0
2022,HYGIENE,Ad Seg Colgate,1 oz,0.8,0.8
2022,HYGIENE,Ad Seg Shampoo,4 oz,0.55,0.55
2022,HYGIENE,Afta After Shave,3 oz,2.7,2.7
2022,HYGIENE,Ambi Skin Cream,2 oz,8.5,8.5
2022,HYGIENE,Antibacterial Lotion,4 oz,1.1,1.1
2022,HYGIENE,Antibacterial Soap,1.25 oz,0.15,0.15
2022,HYGIENE,Antifungal Foot Powder,3.5 oz,1.4,1.4
2022,HYGIENE,Baby Powder,,1.8,1.8
2022,HYGIENE,Baby Shampoo,15 oz,1.3,1.3
2022,HYGIENE,Blistex Medicated Lip Balm,,1.3,1.3
2022,HYGIENE,Blue Magic Hair Cond,12 oz,3.3,3.3
2022,HYGIENE,Brushless Shave Cream,5 oz,0.8,0.8
2022,HYGIENE,Cocoa Butter Lotion,18 oz,1.6,1.6
2022,HYGIENE,Colgate Toothpaste,6 oz,2.6,2.6
2022,HYGIENE,Conditioner,15 oz,1.25,1.35
2022,HYGIENE,Cotton Swabs,100 ct,0.55,0.55
2022,HYGIENE,Dandruff Shampoo,12 oz,1.45,1.45
2022,HYGIENE,Dental Floss Picks,,0.65,0.65
2022,HYGIENE,Dial Soap,1.25 oz,0.3,0.3
2022,HYGIENE,Efferdent,102 tablets,7.5,7.5
2022,HYGIENE,Fixodent Denture,,4.9,4.9
2022,HYGIENE,Hair Brush-No Handle,,0.8,0.8
2022,HYGIENE,Hair Gel,20 oz,2.15,2.15
2022,HYGIENE,Lubriderm Lotion,,3.75,3.75
2022,HYGIENE,Magic Shave Cream,6 oz,4.45,4.45
2022,HYGIENE,Medi/Cleanse Cream,8 oz,1.6,1.6
2022,HYGIENE,Medicated Powder,10 oz,1.65,1.65
2022,HYGIENE,Nail Clippers,,0.25,0.25
2022,HYGIENE,Petroleum Jelly,4 oz,1.7,1.7
2022,HYGIENE,Pocket Comb,,0.3,0.3
2022,HYGIENE,Razor Disposable,10 pk,1.75,1.75
2022,HYGIENE,Sensodyne Toothpaste,4 oz,8.75,8.75
2022,HYGIENE,Shampoo,15 oz,1.25,1.35
2022,HYGIENE,Toilet Tissue (roll),,0.6,0.6
2022,ICE CREAM,Blue Bell Pints- Asst Flavors,,2.35,2.35
2022,ICE CREAM,Chocolate Fudge Bar,,0.65,0.65
2022,ICE CREAM,Cookies & Cream I/C/S,,0.65,0.65
2022,ICE CREAM,Krunch Bar,,0.65,0.65
2022,ICE CREAM,Moo Bar,,0.65,0.65
2022,ICE CREAM,Vanilla Ice Cream Sandwich,,0.65,0.65
2022,INSTANT DRINK MIXES,EH Sugar Free Drink Mix,8 pk,0.8,0.8
2022,INSTANT DRINK MIXES,EK Columbian Coffee,4.5 oz,2.5,2.5
2022,INSTANT DRINK MIXES,EK Plantation Coffee,4.5 oz,1.1,1.1
2022,INSTANT DRINK MIXES,EKH Electrolyte Mix-Asst Flavors,,0.15,0.15
2022,INSTANT DRINK MIXES,GH Nutrition Shake,11 oz,2.15,2.15
2022,INSTANT DRINK MIXES,Hot Chocolate,10 oz,1.4,1.4
2022,INSTANT DRINK MIXES,Sugar Free Hot Chocolate,,2.65,2.65
2022,INSTANT DRINK MIXES,Tea Bags,100 bags,1.75,1.75
2022,INSTANT FOODS,Cereal-Assorted Flavors,20 oz,3.7,3.7
2022,INSTANT FOODS,EH Oatmeal Variety (10 Pk),12.4 oz,1.55,1.55
2022,INSTANT FOODS,EK White Rice-Instant,8 oz,1.6,1.6
2022,INSTANT FOODS,Pasta - Instant,9 oz,1.8,1.8
2022,INSTANT FOODS,Refried Beans-Instant,15 oz,2.65,2.65
2022,JEWELRY / RELIGIOUS,Chain/Lanyard,,0.55,0.55
2022,JEWELRY / RELIGIOUS,Hat-White Knitted,,8.0,8.0
2022,JEWELRY / RELIGIOUS,Hat-White Solid,,2.5,2.5
2022,JEWELRY / RELIGIOUS,Medallions,,5.5,19.25
2022,JEWELRY / RELIGIOUS,Medicine Bag,,3.25,3.25
2022,JEWELRY / RELIGIOUS,Prayer Oil,4 oz,20.0,20.0
2022,JEWELRY / RELIGIOUS,Wood Rune Set,,12.5,12.5
2022,KOSHER ITEMS,Cheese Ravioli,12 oz,5.0,5.0
2022,KOSHER ITEMS,Instant Chili w/ Beans,12 oz,1.5,1.5
2022,KOSHER ITEMS,Matzo Crackers,10 oz,3.25,3.25
2022,KOSHER ITEMS,Stuffed Chicken,12 oz,8.5,8.5
2022,MALE ONLY,Hygiene Pack,3 piece,7.5,10.0
2022,MALE ONLY,Mennen Antiperspirant,3 oz,2.45,2.45
2022,MALE ONLY,Mennen Deodorant,3 oz,1.4,1.4
2022,MISCELLANEOUS,Battery AA,,0.4,0.4
2022,MISCELLANEOUS,Bowl - Plastic,,1.15,1.15
2022,MISCELLANEOUS,Commissary Mesh Bag,,3.35,3.5
2022,MISCELLANEOUS,Cooling Towel,,2.0,2.0
2022,MISCELLANEOUS,Ear Plugs,,0.15,0.15
2022,MISCELLANEOUS,Handkerchief,,1.0,1.0
2022,MISCELLANEOUS,ID Badge,,0.65,0.65
2022,MISCELLANEOUS,Jersey Gloves-Cotton,,0.85,0.85
2022,MISCELLANEOUS,Laces-45 inch White,,1.0,1.0
2022,MISCELLANEOUS,Laces-54 inch White,,1.25,1.25
2022,MISCELLANEOUS,Laces-Boot-54 inch Tan,,1.0,1.0
2022,MISCELLANEOUS,Mug - Plastic,,2.25,2.25
2022,MISCELLANEOUS,Padlock w/Key,,17.0,17.0
2022,"OTC MEDICATIONS, VITAMINS, ETC",Acid Reducer 150 mg,24 tabs,1.9,1.9
2022,"OTC MEDICATIONS, VITAMINS, ETC",Acne Benzoyl 10%,1.5 oz,4.35,4.35
2022,"OTC MEDICATIONS, VITAMINS, ETC",Alcalak Antacid,24 tabs,1.5,1.5
2022,"OTC MEDICATIONS, VITAMINS, ETC",Artificial Tears Eye Drops-.5 oz,,1.8,1.8
2022,"OTC MEDICATIONS, VITAMINS, ETC",Aspirin,24 tabs,1.4,1.4
2022,"OTC MEDICATIONS, VITAMINS, ETC",Aspirin Free-APAP,24 tabs,1.5,1.5
2022,"OTC MEDICATIONS, VITAMINS, ETC",Calamine Lotion,6 oz,2.25,2.25
2022,"OTC MEDICATIONS, VITAMINS, ETC",Chlorphen Tabs,24 tabs,1.0,1.0
2022,"OTC MEDICATIONS, VITAMINS, ETC",Clotrimazole Antifungal Cream,,1.25,1.25
2022,"OTC MEDICATIONS, VITAMINS, ETC",Cold-Eze Lozenges,,9.5,9.5
2022,"OTC MEDICATIONS, VITAMINS, ETC",Diamode-Anti Diarrheal,6 pks,1.15,1.15
2022,"OTC MEDICATIONS, VITAMINS, ETC",Earwax Drops,15 ml,2.25,2.25
2022,"OTC MEDICATIONS, VITAMINS, ETC",Fiber Lax,90 tabs,5.5,5.5
2022,"OTC MEDICATIONS, VITAMINS, ETC",Hemorrhoid Ointment,2 oz,3.35,3.35
2022,"OTC MEDICATIONS, VITAMINS, ETC",Hydrocortisone Cream,1 oz,1.5,1.5
2022,"OTC MEDICATIONS, VITAMINS, ETC",Ibutab-Ibuprofen,24 tabs,1.65,1.65
2022,"OTC MEDICATIONS, VITAMINS, ETC",Laxative-Bisacodyl,25 tabs,1.25,1.25
2022,"OTC MEDICATIONS, VITAMINS, ETC",Loratadine Allergy,30 tabs,2.5,2.5
2022,"OTC MEDICATIONS, VITAMINS, ETC",Milk Thistle,60 tabs,5.5,5.5
2022,"OTC MEDICATIONS, VITAMINS, ETC",Milk of Magnesia,4 oz,2.45,2.45
2022,"OTC MEDICATIONS, VITAMINS, ETC",Monistat,,10.0,13.0
2022,"OTC MEDICATIONS, VITAMINS, ETC",Nasacort Nasal Spray,,18.6,18.6
2022,"OTC MEDICATIONS, VITAMINS, ETC",Pepto Bismuth,30 tabs,2.5,2.5
2022,"OTC MEDICATIONS, VITAMINS, ETC",Simethicone Anti/Gas,36 tabs,3.15,3.15
2022,"OTC MEDICATIONS, VITAMINS, ETC",Sunscreen-SPF,4 oz,3.0,3.0
2022,"OTC MEDICATIONS, VITAMINS, ETC",Terbinafine Antifungal Crm-.5 oz,,8.25,8.25
2022,"OTC MEDICATIONS, VITAMINS, ETC",Tolnaftate Antifungal Cream-.5 oz,,1.0,1.0
2022,"OTC MEDICATIONS, VITAMINS, ETC",Triple Antibiotic Ointment,1 oz,2.1,2.1
2022,"OTC MEDICATIONS, VITAMINS, ETC",Vitamin-Amino Acid,100 tabs,5.6,5.6
2022,"OTC MEDICATIONS, VITAMINS, ETC",Vitamin-C500 Complex,100 tabs,2.7,2.7
2022,"OTC MEDICATIONS, VITAMINS, ETC",Vitamin-Calcium,100 tabs,2.75,2.75
2022,"OTC MEDICATIONS, VITAMINS, ETC",Vitamin-D,,2.25,2.25
2022,"OTC MEDICATIONS, VITAMINS, ETC",Vitamin-E 200 IU,100 tabs,2.8,2.8
2022,"OTC MEDICATIONS, VITAMINS, ETC",Vitamin-Garlic/Oil,100 tabs,2.85,2.85
2022,"OTC MEDICATIONS, VITAMINS, ETC",Vitamin-Multi No Iron,100 tabs,2.6,2.6
2022,"OTC MEDICATIONS, VITAMINS, ETC",Vitamin-Omega,120 tabs,3.3,3.3
2022,OTHER FOOD ITEMS,EK Dill Pickle,15 oz,0.7,0.7
2022,PACKAGED MEAT,Beef Tips & Gravy,,4.5,4.5
2022,PACKAGED MEAT,EH Chicken Chili w/Beans,8 oz,1.6,1.6
2022,PACKAGED MEAT,EH Chunk Chicken,7 oz,3.0,3.0
2022,PACKAGED MEAT,EH Low Sodium Chili No Beans,8 oz,1.9,1.9
2022,PACKAGED MEAT,EKH Mackerel-Fillet,3.53 oz,1.5,1.5
2022,PACKAGED MEAT,EKH Tuna In Water,4.23 oz,1.7,1.7
2022,SHOES,Reebok- Men & Women,,49.0,49.0
2022,SHOES,Shower Shoes,,7.0,7.0
2022,SHOES,Work Boot,,25.0,25.0
2022,SNACKS,Almonds,2.25 oz,1.8,1.8
2022,SNACKS,BBQ Chips,8 oz,1.3,1.3
2022,SNACKS,Cookies- Buds,8 oz,1.1,1.1
2022,SNACKS,Cookies-Marias,,0.5,0.5
2022,SNACKS,Cream Cheese Pound Cake,,1.1,1.1
2022,SNACKS,EGH Sunflower Kernels,6 oz,1.3,1.3
2022,SNACKS,EKH Saltine Cracker,4 oz,0.4,0.4
2022,SNACKS,Jalapeno Cheese Puffs,,2.2,2.2
2022,SNACKS,KH Energizer Mix,2 oz,0.5,0.5
2022,SNACKS,Spicy Pork Skins,2.75 oz,1.2,1.2
2023,ART SUPPLIES,Adult Coloring Book (50 pg),,4.75,4.75
2023,ART SUPPLIES,Colored Pencils,12 pk,1.75,1.75
2023,ART SUPPLIES,Drawing Pad,9x12,1.3,1.3
2023,ART SUPPLIES,Illustration Boards,2 pk,5.0,5.0
2023,ART SUPPLIES,Mini Colored Pencils,24 pk,3.0,3.0
2023,ART SUPPLIES,Protractor Ruler,,1.0,1.0
2023,ART SUPPLIES,Watercolor Pad,9x12,5.5,5.5
2023,ART SUPPLIES,Watercolor Paints,16 colors,3.85,3.85
2023,BEVERAGES,Big Red,12 oz,0.55,0.55
2023,BEVERAGES,Cranberry Juice,11.5 oz,1.2,1.2
2023,BEVERAGES,EK Dr Pepper,12 oz,0.55,0.55
2023,BEVERAGES,EKH Coke Zero,12 oz,0.55,0.55
2023,BEVERAGES,EKH Diet Coca Cola,12 oz,0.55,0.55
2023,BEVERAGES,Fanta Orange,12 oz,0.55,0.55
2023,BEVERAGES,Fanta Pineapple,12 oz,0.55,0.55
2023,BEVERAGES,KH Diet Dr. Pepper,12 oz,0.55,0.55
2023,BEVERAGES,Mountain Dew,12 oz,0.55,0.55
2023,BEVERAGES,Orange Juice,11.5 oz,1.2,1.2
2023,BEVERAGES,Root Beer,12 oz,0.55,0.55
2023,CANDY,Chick-o-Stick- .7 oz,,0.2,0.2
2023,CANDY,Cinnamon Jawbreaker,10 oz,1.55,1.55
2023,CANDY,EK Peppermint Stick,1 oz,0.15,0.15
2023,CANDY,Fruit Filled Hard Candy,22 oz,2.5,2.5
2023,CANDY,Rainbow Fruit Stick,1 oz,0.15,0.15
2023,CANDY,Sugar Free Jolly Rancher Candy,,3.5,3.5
2023,CANDY,Tootsie Pops,8 pk,1.2,1.2
2023,CANDY,Twix Candy Bar,1.79 oz,1.25,1.25
2023,CLOTHING,Boxer Shorts,,4.75,5.0
2023,CLOTHING,Cooling T-Shirts,,5.0,8.5
2023,CLOTHING,Gym Shorts,,10.5,10.5
2023,CLOTHING,Socks,,1.5,1.5
2023,CLOTHING,T-Shirts,,7.75,7.75
2023,CONDIMENTS,BBQ Sauce,18 oz,1.5,1.5
2023,CONDIMENTS,EG Mustard,14 oz,0.9,0.9
2023,CONDIMENTS,EH Cream Cheese Packet,2 oz,0.75,0.75
2023,CONDIMENTS,EK Creamy Peanut Butter,18 oz,3.5,3.5
2023,CONDIMENTS,EKH Sweetener,115 pks,1.5,1.5
2023,CONDIMENTS,Grape Jelly,12 oz,1.7,1.7
2023,CONDIMENTS,Non-Dairy Creamer,12 oz,1.85,1.85
2023,CONDIMENTS,Ranch Dressing Pack,1.5 oz,0.3,0.3
2023,CONDIMENTS,Salsa-Medium,15 oz,4.5,4.5
2023,CONDIMENTS,Salt/Pepper Shaker,4.5 oz,1.45,1.45
2023,CONDIMENTS,Sandwich Spread,15 oz,1.4,1.4
2023,CONDIMENTS,Stevia Sweetener,,1.4,1.4
2023,CONDIMENTS,Strawberry Preserves,12 oz,1.7,1.7
2023,CORRESPONDENCE,Carbon Paper,25 sheets,4.95,4.95
2023,CORRESPONDENCE,Dictionary (English),,6.5,6.5
2023,CORRESPONDENCE,Dictionary (Spanish/English),,6.5,6.5
2023,CORRESPONDENCE,Envelope-#10 Business,,0.05,0.05
2023,CORRESPONDENCE,Eraser-Pencil/Ink,,1.0,1.0
2023,CORRESPONDENCE,Folder Storage,10x15,1.4,1.4
2023,CORRESPONDENCE,Folder w/Pockets-Color,5 pk,3.75,3.75
2023,CORRESPONDENCE,Greeting Cards-Assorted,,0.6,0.6
2023,CORRESPONDENCE,Jumbo Envelope,18x23,1.5,1.5
2023,CORRESPONDENCE,Manilla Envelope-Writ,2 pk,0.52,0.52
2023,CORRESPONDENCE,"Pen-Black ""Property""",,0.3,0.3
2023,CORRESPONDENCE,Pencil Sharpener,,0.5,0.5
2023,CORRESPONDENCE,Pencil-Lead,,0.15,0.15
2023,CORRESPONDENCE,Stamps-Assorted,,0.01,8.95
2023,CORRESPONDENCE,Typing Paper,50 sheets,1.1,1.1
2023,CORRESPONDENCE,Writing Tablet 8x11,50 sheet,3.0,3.0
2023,ELECTRICAL,"Adaptor-1/8""-1/4"" headphone",,1.5,1.5
2023,ELECTRICAL,Adaptor-75/300 ohm,,1.5,1.5
2023,ELECTRICAL,Alarm Clock,,7.5,7.5
2023,ELECTRICAL,ClearTech Lift Off,,1.2,1.2
2023,ELECTRICAL,Clip On Lamp-Plastic,,12.0,12.0
2023,ELECTRICAL,Coax Cable,,2.0,2.0
2023,ELECTRICAL,Dipole Antenna-FM T-Style,,4.25,4.25
2023,ELECTRICAL,Earbud-Stereo,,3.25,3.25
2023,ELECTRICAL,"Fan 9"" Electric",,23.0,23.0
2023,ELECTRICAL,GED Series Calculator,,13.5,13.5
2023,ELECTRICAL,Headphones,,7.0,7.0
2023,ELECTRICAL,Hot Pot w/Insert,,24.5,24.5
2023,ELECTRICAL,LED Light Bulb,,4.5,4.5
2023,ELECTRICAL,Lift Off Correction Ribbon,,2.0,2.0
2023,ELECTRICAL,Multi Outlet (2 plug),,9.0,9.0
2023,ELECTRICAL,Olympia/Clear Tech Ribbon,,4.75,4.75
2023,ELECTRICAL,Radio/Clock-Clear Tech,,20.0,20.0
2023,ELECTRICAL,Solar Calculator,,4.0,4.0
2023,ELECTRICAL,Swintec Printwheel-Pica,,40.0,40.0
2023,ELECTRICAL,Swintec Ribbon-Black,,3.5,7.25
2023,ELECTRICAL,Typewriter-Swintec,,360.0,360.0
2023,FEMALE ONLY,Always Pantiliners,20 ct,1.35,1.35
2023,FEMALE ONLY,Briefs/Panties,3 pk,7.5,7.5
2023,FEMALE ONLY,Eyeliner/Brow Pencil-.05 oz,,5.25,5.25
2023,FEMALE ONLY,Foundation-Asst Shades,1 oz,12.0,13.0
2023,FEMALE ONLY,Hair Dryer-1600 Watts,,25.0,25.0
2023,FEMALE ONLY,Hijab-Females Only,,17.0,17.0
2023,FEMALE ONLY,Hygiene Pack,7 piece,20.0,20.0
2023,FEMALE ONLY,Hygiene Pack,3 piece,7.5,7.5
2023,FEMALE ONLY,Ladies Speed Stick,2.3 oz,1.35,1.35
2023,FEMALE ONLY,Lip Therapy,,1.5,1.5
2023,FEMALE ONLY,Lipstick-Asst Colors,,5.0,8.5
2023,FEMALE ONLY,Mascara-Avon/Black-.21 oz,,10.0,10.0
2023,FEMALE ONLY,Maxi Pads,22 ct,3.0,3.0
2023,FEMALE ONLY,Ogilvie Hair Perm,,23.0,23.0
2023,FEMALE ONLY,Ponytail Holders,10 pk,1.15,1.15
2023,FEMALE ONLY,Sports Bra,,4.0,4.75
2023,FEMALE ONLY,"Storage Box-14""x8""x8""",,27.0,27.0
2023,FEMALE ONLY,Tweezer-Blunt,,0.75,0.75
2023,GAMES,Chess Set,,8.0,8.0
2023,HYGIENE,Ad Seg Colgate,1 oz,1.0,1.0
2023,HYGIENE,Ad Seg Shampoo,4 oz,0.55,0.55
2023,HYGIENE,Afta After Shave,3 oz,2.7,2.7
2023,HYGIENE,Ambi Skin Cream,2 oz,8.5,8.5
2023,HYGIENE,Antibacterial Lotion,4 oz,1.1,1.1
2023,HYGIENE,Antibacterial Soap,1.25 oz,0.15,0.15
2023,HYGIENE,Antifungal Foot Powder,3.5 oz,3.25,3.25
2023,HYGIENE,Baby Powder,,1.8,1.8
2023,HYGIENE,Baby Shampoo,,1.3,1.3
2023,HYGIENE,Blistex Medicated Lip Balm,,1.3,1.3
2023,HYGIENE,Blue Magic Hair Cond,12 oz,3.3,3.3
2023,HYGIENE,Brushless Shave Cream,5 oz,0.8,0.8
2023,HYGIENE,Cocoa Butter Lotion,15 oz,1.6,1.6
2023,HYGIENE,Colgate Toothpaste,6 oz,2.6,2.6
2023,HYGIENE,Conditioner,15 oz,1.25,1.4
2023,HYGIENE,Cotton Swabs,100 ct,0.55,0.55
2023,HYGIENE,Dandruff Shampoo,12 oz,2.25,2.25
2023,HYGIENE,Dental Floss Picks,,0.65,0.65
2023,HYGIENE,Dial Soap,1.25 oz,0.3,0.3
2023,HYGIENE,Efferdent,102 tablets,7.5,7.5
2023,HYGIENE,Fixodent Denture,,5.0,5.0
2023,HYGIENE,Hair Brush-No Handle,,1.1,1.1
2023,HYGIENE,Hair Gel,15 oz,2.15,2.15
2023,HYGIENE,Lubriderm Lotion,,4.25,4.25
2023,HYGIENE,Magic Shave Cream,6 oz,7.0,7.0
2023,HYGIENE,Medi/Cleanse Cream,8 oz,1.6,1.6
2023,HYGIENE,Medicated Powder,10 oz,2.9,2.9
2023,HYGIENE,Nail Clippers,,0.25,0.25
2023,HYGIENE,Petroleum Jelly,4 oz,1.75,1.75
2023,HYGIENE,Pocket Comb,,0.3,0.3
2023,HYGIENE,Razor Disposable,10 pk,1.75,1.75
2023,HYGIENE,Sensodyne Toothpaste,4 oz,8.75,8.75
2023,HYGIENE,Shampoo,15 oz,1.25,1.4
2023,HYGIENE,Toilet Tissue (roll),,0.85,0.85
2023,ICE CREAM,Blue Bell Pints- Asst Flavors,,3.4,3.4
2023,ICE CREAM,Chocolate Fudge Bar,,0.75,0.75
2023,ICE CREAM,Cookies & Cream I/C/S,,0.75,0.75
2023,ICE CREAM,Krunch Bar,,0.75,0.75
2023,ICE CREAM,Moo Bar,,0.75,0.75
2023,ICE CREAM,Vanilla Ice Cream Sandwich,,0.75,0.75
2023,INSTANT DRINK MIXES,EH Milk-Instant Nonfat,4 oz,1.2,1.2
2023,INSTANT DRINK MIXES,EH Sugar Free Drink Mix,8 pk,0.8,0.8
2023,INSTANT DRINK MIXES,EK Cappuccino-Asst Flavors,,1.75,1.75
2023,INSTANT DRINK MIXES,EK Columbian Coffee,4.5 oz,4.5,4.5
2023,INSTANT DRINK MIXES,EK Plantation Coffee,4.5 oz,2.0,2.0
2023,INSTANT DRINK MIXES,EKH Electrolyte Mix-Asst Flavors,,0.15,0.15
2023,INSTANT DRINK MIXES,GH Nutrition Shake,11 oz,2.75,2.75
2023,INSTANT DRINK MIXES,Hot Chocolate,10 oz,1.4,1.4
2023,INSTANT DRINK MIXES,Sugar Free Hot Chocolate,,2.65,2.65
2023,INSTANT DRINK MIXES,Tea Bags,100 bags,1.75,1.75
2023,INSTANT FOODS,Cereal-Assorted Flavors,20 oz,4.75,4.75
2023,INSTANT FOODS,EH Low Sodium Ramen Noodles,,0.35,0.35
2023,INSTANT FOODS,EH Oatmeal Variety (10 Pk),12.4 oz,1.85,1.85
2023,INSTANT FOODS,EK Potatoes-4 Cheese,4 oz,3.75,3.75
2023,INSTANT FOODS,EK White Rice-Instant,8 oz,1.6,1.6
2023,INSTANT FOODS,Pasta - Instant,9 oz,2.6,2.6
2023,INSTANT FOODS,Refried Beans-Instant,15 oz,4.5,4.5
2023,JEWELRY / RELIGIOUS,Chain/Lanyard,,0.55,0.55
2023,JEWELRY / RELIGIOUS,Hat-White Knitted,,8.0,8.0
2023,JEWELRY / RELIGIOUS,Hat-White Solid,,0.75,0.75
2023,JEWELRY / RELIGIOUS,Medallions,,5.5,19.25
2023,JEWELRY / RELIGIOUS,Medicine Bag,,2.0,2.0
2023,JEWELRY / RELIGIOUS,Prayer Oil,4 oz,20.0,20.0
2023,JEWELRY / RELIGIOUS,Wood Rune Set,,5.25,5.25
2023,KOSHER ITEMS,Cheese Ravioli,12 oz,6.0,6.0
2023,KOSHER ITEMS,Instant Chili w/ Beans,12 oz,1.65,1.65
2023,KOSHER ITEMS,Matzo Crackers,10 oz,3.5,3.5
2023,KOSHER ITEMS,Stuffed Chicken,12 oz,8.5,8.5
2023,MALE ONLY,Hygiene Pack,3 piece,7.5,10.0
2023,MALE ONLY,Mennen Antiperspirant,3 oz,2.45,2.45
2023,MALE ONLY,Mennen Deodorant,3 oz,1.4,1.4
2023,"OTC MEDICATIONS, VITAMINS, ETC",Acid Reducer 150 mg,24 tabs,1.9,1.9
2023,"OTC MEDICATIONS, VITAMINS, ETC",Acne Benzoyl 10%,1.5 oz,4.35,4.35
2023,"OTC MEDICATIONS, VITAMINS, ETC",Alcalak Antacid,24 tabs,1.6,1.6
2023,"OTC MEDICATIONS, VITAMINS, ETC",Artificial Tears Eye Drops-.5 oz,,1.8,1.8
2023,"OTC MEDICATIONS, VITAMINS, ETC",Aspirin,24 tabs,1.2,1.6
2023,"OTC MEDICATIONS, VITAMINS, ETC",Aspirin Free-APAP,24 tabs,1.5,1.5
2023,"OTC MEDICATIONS, VITAMINS, ETC",Calamine Lotion,6 oz,2.25,2.25
2023,"OTC MEDICATIONS, VITAMINS, ETC",Chlorphen Tabs,24 tabs,1.0,1.0
2023,"OTC MEDICATIONS, VITAMINS, ETC",Clotrimazole Antifungal Cream,,1.25,1.25
2023,"OTC MEDICATIONS, VITAMINS, ETC",Cold-Eze Lozenges,,9.5,9.5
2023,"OTC MEDICATIONS, VITAMINS, ETC",Diamode-Anti Diarrheal,6 pks,1.3,1.3
2023,"OTC MEDICATIONS, VITAMINS, ETC",Earwax Drops,15 ml,2.25,2.25
2023,"OTC MEDICATIONS, VITAMINS, ETC",Fiber Lax,90 tabs,5.5,5.5
2023,"OTC MEDICATIONS, VITAMINS, ETC",Hemorrhoid Ointment,2 oz,3.35,3.35
2023,"OTC MEDICATIONS, VITAMINS, ETC",Hydrocortisone Cream,1 oz,1.5,1.5
2023,"OTC MEDICATIONS, VITAMINS, ETC",Ibutab-Ibuprofen,24 tabs,1.55,1.55
2023,"OTC MEDICATIONS, VITAMINS, ETC",Laxative-Bisacodyl,25 tabs,1.25,1.25
2023,"OTC MEDICATIONS, VITAMINS, ETC",Loratadine Allergy,30 tabs,2.5,2.5
2023,"OTC MEDICATIONS, VITAMINS, ETC",Milk Thistle,60 tabs,5.5,5.5
2023,"OTC MEDICATIONS, VITAMINS, ETC",Milk of Magnesia,4 oz,2.75,2.75
2023,"OTC MEDICATIONS, VITAMINS, ETC",Monistat,,10.0,10.0
2023,"OTC MEDICATIONS, VITAMINS, ETC",Nasacort Nasal Spray,,20.0,20.0
2023,"OTC MEDICATIONS, VITAMINS, ETC",Pepto Bismuth,30 tabs,2.5,2.5
2023,"OTC MEDICATIONS, VITAMINS, ETC",Simethicone Anti/Gas,36 tabs,3.15,3.15
2023,"OTC MEDICATIONS, VITAMINS, ETC",Sunscreen-SPF,4 oz,4.25,4.25
2023,"OTC MEDICATIONS, VITAMINS, ETC",Terbinafine Antifungal Crm-.5 oz,,8.25,8.25
2023,"OTC MEDICATIONS, VITAMINS, ETC",Tolnaftate Antifungal Cream-.5 oz,,1.2,1.2
2023,"OTC MEDICATIONS, VITAMINS, ETC",Triple Antibiotic Ointment,1 oz,2.1,2.1
2023,"OTC MEDICATIONS, VITAMINS, ETC",Vitamin-Amino Acid,100 tabs,5.6,5.6
2023,"OTC MEDICATIONS, VITAMINS, ETC",Vitamin-C500 Complex,100 tabs,2.7,2.7
2023,"OTC MEDICATIONS, VITAMINS, ETC",Vitamin-Calcium,100 tabs,2.75,2.75
2023,"OTC MEDICATIONS, VITAMINS, ETC",Vitamin-D,,2.25,2.25
2023,"OTC MEDICATIONS, VITAMINS, ETC",Vitamin-E 200 IU,100 tabs,2.8,2.8
2023,"OTC MEDICATIONS, VITAMINS, ETC",Vitamin-Garlic/Oil,100 tabs,2.85,2.85
2023,"OTC MEDICATIONS, VITAMINS, ETC",Vitamin-Multi No Iron,100 tabs,2.6,2.6
2023,"OTC MEDICATIONS, VITAMINS, ETC",Vitamin-Omega,120 tabs,3.3,3.3
2023,OTHER FOOD ITEMS,EK Dill Pickle,15 oz,0.9,0.9
2023,PACKAGED MEAT,Beef Tips & Gravy,,4.5,4.5
2023,PACKAGED MEAT,EH Chicken Chili w/Beans,8 oz,2.45,2.45
2023,PACKAGED MEAT,EH Chunk Chicken,7 oz,4.5,4.5
2023,PACKAGED MEAT,EH Low Sodium Chili No Beans,8 oz,2.1,2.1
2023,PACKAGED MEAT,EKH Mackerel-Fillet,3.53 oz,1.5,1.5
2023,PACKAGED MEAT,EKH Sardines,3.53 oz,1.1,1.1
2023,PACKAGED MEAT,EKH Tuna In Water,4.23 oz,1.7,1.7
2023,PACKAGED MEAT,Pink Salmon,,1.95,1.95
2023,SHOES,Reebok- Men & Women,,49.0,49.0
2023,SHOES,Shower Shoes,,8.0,8.0
2023,SHOES,Work Boot,,30.0,30.0
2023,SNACKS,BBQ Chips,8 oz,1.8,1.8
2023,SNACKS,Cookies- Buds,8 oz,1.1,1.1
2023,SNACKS,Cookies-Marias,,0.55,0.55
2023,SNACKS,Cream Cheese Pound Cake,,1.1,1.1
2023,SNACKS,EGH Sunflower Kernels,6 oz,1.3,1.3
2023,SNACKS,EK Tortilla Chips,16 oz,2.55,2.55
2023,SNACKS,EKH Saltine Cracker,4 oz,0.6,0.6
2023,SNACKS,Jalapeno Cheese Puffs,,2.2,2.2
2023,SNACKS,Spicy Pork Skins,2.75 oz,1.2,1.2
2024,ART SUPPLIES,Adult Coloring Book (50 pg),,4.75,4.75
2024,ART SUPPLIES,Colored Pencils,12 pk,1.75,1.75
2024,ART SUPPLIES,Drawing Pad,9x12,2.3,2.3
2024,ART SUPPLIES,Illustration Boards,2 pk,5.0,5.0
2024,ART SUPPLIES,Mini Colored Pencils,24 pk,4.15,4.15
2024,ART SUPPLIES,Protractor Ruler,,1.0,1.0
2024,ART SUPPLIES,Watercolor Pad,9x12,5.5,5.5
2024,ART SUPPLIES,Watercolor Paints,16 colors,3.85,3.85
2024,BEVERAGES,Big Red,12 oz,0.55,0.55
2024,BEVERAGES,Cranberry Juice,11.5 oz,1.4,1.4
2024,BEVERAGES,EK Dr Pepper,12 oz,0.55,0.55
2024,BEVERAGES,EKH Coke Zero,12 oz,0.55,0.55
2024,BEVERAGES,EKH Diet Coca Cola,12 oz,0.55,0.55
2024,BEVERAGES,Fanta Orange,12 oz,0.55,0.55
2024,BEVERAGES,Fanta Pineapple,12 oz,0.55,0.55
2024,BEVERAGES,KH Diet Dr. Pepper,12 oz,0.55,0.55
2024,BEVERAGES,Mountain Dew,12 oz,0.55,0.55
2024,BEVERAGES,Orange Juice,11.5 oz,1.4,1.4
2024,BEVERAGES,Root Beer,12 oz,0.55,0.55
2024,CANDY,Chick-o-Stick- .7 oz,,0.25,0.25
2024,CANDY,Cinnamon Jawbreaker,10 oz,1.55,1.55
2024,CANDY,EK Peppermint Stick,1 oz,0.15,0.15
2024,CANDY,Fruit Filled Hard Candy,22 oz,2.5,2.5
2024,CANDY,Rainbow Fruit Stick,1 oz,0.15,0.15
2024,CANDY,Tootsie Pops,8 pk,1.5,1.5
2024,CANDY,Twix Candy Bar,1.79 oz,1.25,1.25
2024,CLOTHING,Boxer Shorts,,7.65,9.75
2024,CLOTHING,Cooling T-Shirts,,5.0,8.5
2024,CLOTHING,Gym Shorts,,10.5,10.5
2024,CLOTHING,Socks,,1.5,1.5
2024,CLOTHING,T-Shirts,,7.75,7.75
2024,CONDIMENTS,BBQ Sauce,24 oz,2.05,2.05
2024,CONDIMENTS,EG Mustard,14 oz,1.25,1.25
2024,CONDIMENTS,EH Cream Cheese Packet,2 oz,0.4,0.4
2024,CONDIMENTS,EK Creamy Peanut Butter,18 oz,2.95,2.95
2024,CONDIMENTS,EKH Sweetener,115 pks,1.5,1.5
2024,CONDIMENTS,Grape Jelly,19 oz,2.05,2.05
2024,CONDIMENTS,Non-Dairy Creamer,12 oz,1.85,1.85
2024,CONDIMENTS,Ranch Dressing Pack,2 oz,0.3,0.3
2024,CONDIMENTS,Salsa-Medium,15 oz,4.5,4.5
2024,CONDIMENTS,Salt/Pepper Shaker,4.5 oz,1.85,1.85
2024,CONDIMENTS,Sandwich Spread,15 oz,2.2,2.2
2024,CONDIMENTS,Stevia Sweetener,,1.4,1.4
2024,CONDIMENTS,Strawberry Preserves,19 oz,2.05,2.05
2024,CORRESPONDENCE,Carbon Paper,25 sheets,4.95,4.95
2024,CORRESPONDENCE,Dictionary (English),,6.5,6.5
2024,CORRESPONDENCE,Dictionary (Spanish/English),,6.5,6.5
2024,CORRESPONDENCE,Envelope-#10 Business,,0.05,0.05
2024,CORRESPONDENCE,Eraser-Pencil/Ink,,1.25,1.25
2024,CORRESPONDENCE,Folder Storage,10x15,1.4,1.4
2024,CORRESPONDENCE,Folder w/Pockets-Color,5 pk,3.75,3.75
2024,CORRESPONDENCE,Greeting Cards-Assorted,,0.75,0.75
2024,CORRESPONDENCE,Jumbo Envelope,18x23,1.5,1.5
2024,CORRESPONDENCE,Manilla Envelope-Writ,2 pk,1.25,1.25
2024,CORRESPONDENCE,"Pen-Black ""Property""",,0.3,0.3
2024,CORRESPONDENCE,Pencil Sharpener,,0.65,0.65
2024,CORRESPONDENCE,Pencil-Lead,,0.15,0.15
2024,CORRESPONDENCE,Stamps-Assorted,,0.01,9.85
2024,CORRESPONDENCE,Typing Paper,50 sheets,2.3,2.3
2024,CORRESPONDENCE,Writing Tablet 8x11,50 sheet,4.6,4.6
2024,ELECTRICAL,"Adaptor-1/8""-1/4"" headphone",,1.5,1.5
2024,ELECTRICAL,Adaptor-75/300 ohm,,1.5,1.5
2024,ELECTRICAL,Alarm Clock,,7.5,7.5
2024,ELECTRICAL,ClearTech Lift Off,,1.35,1.35
2024,ELECTRICAL,Clip On Lamp-Plastic,,12.0,12.0
2024,ELECTRICAL,Coax Cable,,2.0,2.0
2024,ELECTRICAL,Dipole Antenna-FM T-Style,,4.25,4.25
2024,ELECTRICAL,Earbud-Stereo,,3.25,3.25
2024,ELECTRICAL,"Fan 9"" Electric",,23.0,23.0
2024,ELECTRICAL,GED Series Calculator,,13.5,13.5
2024,ELECTRICAL,Headphones,,7.0,7.0
2024,ELECTRICAL,Hot Pot w/Insert,,24.5,24.5
2024,ELECTRICAL,LED Light Bulb,,4.5,4.5
2024,ELECTRICAL,Lift Off Correction Ribbon,,2.0,2.0
2024,ELECTRICAL,Multi Outlet (2 plug),,9.0,9.0
2024,ELECTRICAL,Olympia/Clear Tech Ribbon,,4.85,4.85
2024,ELECTRICAL,Radio/Clock-Clear Tech,,20.0,20.0
2024,ELECTRICAL,Solar Calculator,,4.5,4.5
2024,ELECTRICAL,Swintec Printwheel-Pica,,40.0,40.0
2024,ELECTRICAL,Swintec Ribbon-Black,,7.25,7.25
2024,ELECTRICAL,Typewriter-Swintec,,360.0,360.0
2024,FEMALE ONLY,Always Pantiliners,20 ct,1.35,1.35
2024,FEMALE ONLY,Briefs/Panties,1 pk,3.0,3.0
2024,FEMALE ONLY,Briefs/Panties,3 pk,7.5,7.5
2024,FEMALE ONLY,Eyeliner/Brow Pencil-.05 oz,,5.25,5.25
2024,FEMALE ONLY,Foundation-Asst Shades,1 oz,13.0,16.0
2024,FEMALE ONLY,Hair Dryer-1600 Watts,,31.0,31.0
2024,FEMALE ONLY,Hijab-Females Only,,17.0,17.0
2024,FEMALE ONLY,Hygiene Pack,7 piece,20.0,20.0
2024,FEMALE ONLY,Hygiene Pack,3 piece,9.5,9.5
2024,FEMALE ONLY,Ladies Speed Stick,1.2 oz,3.25,3.25
2024,FEMALE ONLY,Lip Therapy,,1.5,1.5
2024,FEMALE ONLY,Lipstick-Asst Colors,,8.5,8.5
2024,FEMALE ONLY,Mascara-Avon/Black-.21 oz,,10.0,10.0
2024,FEMALE ONLY,Maxi Pads,22 ct,3.0,3.0
2024,FEMALE ONLY,Ogilvie Hair Perm,,23.0,23.0
2024,FEMALE ONLY,Ponytail Holders,10 pk,1.2,1.2
2024,FEMALE ONLY,Sports Bra,,4.0,4.75
2024,FEMALE ONLY,"Storage Box-14""x8""x8""",,40.0,40.0
2024,FEMALE ONLY,Tweezer-Blunt,,0.75,0.75
2024,GAMES,Chess Set,,8.0,8.0
2024,HYGIENE,Ad Seg Colgate,1 oz,1.0,1.0
2024,HYGIENE,Ad Seg Shampoo,4 oz,0.55,0.55
2024,HYGIENE,Afta After Shave,3 oz,3.35,3.35
2024,HYGIENE,Antibacterial Lotion,4 oz,1.6,1.6
2024,HYGIENE,Antibacterial Soap,1.25 oz,0.15,0.15
2024,HYGIENE,Antifungal Foot Powder,3.5 oz,3.25,3.25
2024,HYGIENE,Baby Powder,,2.8,2.8
2024,HYGIENE,Blistex Medicated Lip Balm,,1.3,1.85
2024,HYGIENE,Blue Magic Hair Cond,12 oz,3.3,3.3
2024,HYGIENE,Cocoa Butter Lotion,15 oz,1.6,1.6
2024,HYGIENE,Colgate Toothpaste,6 oz,2.6,2.6
2024,HYGIENE,Conditioner,15 oz,1.35,1.35
2024,HYGIENE,Cotton Swabs,100 ct,0.55,0.55
2024,HYGIENE,Dandruff Shampoo,12 oz,2.25,2.25
2024,HYGIENE,Dental Floss Picks,,0.65,0.65
2024,HYGIENE,Dial Soap,1.25 oz,0.4,0.4
2024,HYGIENE,Efferdent,102 tablets,7.75,7.75
2024,HYGIENE,Fixodent Denture,,5.0,5.0
2024,HYGIENE,Hair Brush-No Handle,,1.1,1.1
2024,HYGIENE,Hair Gel,15 oz,2.15,2.15
2024,HYGIENE,Lubriderm Lotion,,6.0,6.0
2024,HYGIENE,Magic Shave Cream,6 oz,7.0,7.0
2024,HYGIENE,Medi/Cleanse Cream,8 oz,2.0,2.0
2024,HYGIENE,Medicated Powder,,2.1,2.1
2024,HYGIENE,Nail Clippers,,0.25,0.25
2024,HYGIENE,Petroleum Jelly,4 oz,1.75,1.75
2024,HYGIENE,Pocket Comb,,0.3,0.3
2024,HYGIENE,Razor Disposable,10 pk,1.75,1.75
2024,HYGIENE,Sensodyne Toothpaste,4 oz,10.5,10.5
2024,HYGIENE,Shampoo,15 oz,1.25,1.4
2024,HYGIENE,Toilet Tissue (roll),,0.85,0.85
2024,ICE CREAM,Blue Bell Pints- Asst Flavors,,3.4,3.4
2024,ICE CREAM,Chocolate Fudge Bar,,0.75,0.75
2024,ICE CREAM,Cookies & Cream I/C/S,,0.75,0.75
2024,ICE CREAM,Krunch Bar,,0.75,0.75
2024,ICE CREAM,Moo Bar,,0.75,0.75
2024,ICE CREAM,Vanilla Ice Cream Sandwich,,0.75,0.75
2024,INSTANT DRINK MIXES,EH Milk-Instant Nonfat,4 oz,0.95,0.95
2024,INSTANT DRINK MIXES,EH Sugar Free Drink Mix,8 pk,0.8,0.8
2024,INSTANT DRINK MIXES,EK Cappuccino-Asst Flavors,,1.75,1.75
2024,INSTANT DRINK MIXES,EK Columbian Coffee,4.5 oz,4.15,4.15
2024,INSTANT DRINK MIXES,EK Plantation Coffee,4.5 oz,1.45,1.45
2024,INSTANT DRINK MIXES,EKH Electrolyte Mix-Asst Flavors,,0.15,0.15
2024,INSTANT DRINK MIXES,GH Nutrition Shake,11 oz,3.0,3.0
2024,INSTANT DRINK MIXES,Hot Chocolate,10 oz,1.95,1.95
2024,INSTANT DRINK MIXES,Sugar Free Hot Chocolate,,1.95,1.95
2024,INSTANT DRINK MIXES,Tea Bags,100 bags,1.75,1.75
2024,INSTANT FOODS,Cereal-Assorted Flavors,20 oz,4.75,4.75
2024,INSTANT FOODS,EH Low Sodium Ramen Noodles,,0.35,0.35
2024,INSTANT FOODS,EH Oatmeal Variety (10 Pk),12.4 oz,2.4,2.4
2024,INSTANT FOODS,EK White Rice-Instant,8 oz,1.6,1.6
2024,INSTANT FOODS,Pasta - Instant,9 oz,2.6,2.6
2024,INSTANT FOODS,Refried Beans-Instant,15 oz,2.3,2.3
2024,JEWELRY / RELIGIOUS,Chain/Lanyard,,0.55,0.55
2024,JEWELRY / RELIGIOUS,Hat-White Knitted,,8.0,8.0
2024,JEWELRY / RELIGIOUS,Hat-White Solid,,0.75,0.75
2024,JEWELRY / RELIGIOUS,Medallions,,5.75,22.5
2024,JEWELRY / RELIGIOUS,Medicine Bag,,2.0,2.0
2024,JEWELRY / RELIGIOUS,Prayer Oil,4 oz,21.0,21.0
2024,JEWELRY / RELIGIOUS,Wood Rune Set,,5.25,5.25
2024,KOSHER ITEMS,Cheese Ravioli,12 oz,6.0,6.0
2024,KOSHER ITEMS,Instant Chili w/ Beans,12 oz,3.4,3.4
2024,KOSHER ITEMS,Matzo Crackers,10 oz,2.9,2.9
2024,KOSHER ITEMS,Stuffed Chicken,12 oz,9.5,9.5
2024,MALE ONLY,Hygiene Pack,3 piece,8.5,10.0
2024,MALE ONLY,Mennen Antiperspirant,3 oz,2.45,2.45
2024,MALE ONLY,Mennen Deodorant,3 oz,1.4,1.4
2024,"OTC MEDICATIONS, VITAMINS, ETC",Acne Benzoyl 10%,1.5 oz,4.35,4.35
2024,"OTC MEDICATIONS, VITAMINS, ETC",Alcalak Antacid,24 tabs,1.9,1.9
2024,"OTC MEDICATIONS, VITAMINS, ETC",Artificial Tears Eye Drops-.5 oz,,1.8,1.8
2024,"OTC MEDICATIONS, VITAMINS, ETC",Aspirin,24 tabs,1.8,1.8
2024,"OTC MEDICATIONS, VITAMINS, ETC",Aspirin Free-APAP,24 tabs,1.65,1.65
2024,"OTC MEDICATIONS, VITAMINS, ETC",Calamine Lotion,6 oz,2.25,2.25
2024,"OTC MEDICATIONS, VITAMINS, ETC",Chlorphen Tabs,24 tabs,1.0,1.0
2024,"OTC MEDICATIONS, VITAMINS, ETC",Clotrimazole Antifungal Cream,,1.25,1.25
2024,"OTC MEDICATIONS, VITAMINS, ETC",Cold-Eze Lozenges,,9.5,9.5
2024,"OTC MEDICATIONS, VITAMINS, ETC",Diamode-Anti Diarrheal,6 pks,1.3,1.3
2024,"OTC MEDICATIONS, VITAMINS, ETC",Earwax Drops,15 ml,2.25,2.25
2024,"OTC MEDICATIONS, VITAMINS, ETC",Fiber Lax,90 tabs,7.0,7.0
2024,"OTC MEDICATIONS, VITAMINS, ETC",Hemorrhoid Ointment,2 oz,4.45,4.45
2024,"OTC MEDICATIONS, VITAMINS, ETC",Hydrocortisone Cream,1 oz,1.85,1.85
2024,"OTC MEDICATIONS, VITAMINS, ETC",Ibutab-Ibuprofen,24 tabs,1.55,1.55
2024,"OTC MEDICATIONS, VITAMINS, ETC",Laxative-Bisacodyl,25 tabs,1.85,1.85
2024,"OTC MEDICATIONS, VITAMINS, ETC",Loratadine Allergy,30 tabs,2.5,2.5
2024,"OTC MEDICATIONS, VITAMINS, ETC",Milk Thistle,60 tabs,5.5,5.5
2024,"OTC MEDICATIONS, VITAMINS, ETC",Milk of Magnesia,4 oz,4.25,4.25
2024,"OTC MEDICATIONS, VITAMINS, ETC",Monistat,,10.0,10.0
2024,"OTC MEDICATIONS, VITAMINS, ETC",Nasacort Nasal Spray,,20.0,20.0
2024,"OTC MEDICATIONS, VITAMINS, ETC",Pepto Bismuth,30 tabs,2.5,2.5
2024,"OTC MEDICATIONS, VITAMINS, ETC",Simethicone Anti/Gas,36 tabs,2.3,2.3
2024,"OTC MEDICATIONS, VITAMINS, ETC",Sunscreen-SPF,4 oz,4.25,4.25
2024,"OTC MEDICATIONS, VITAMINS, ETC",Terbinafine Antifungal Crm-.5 oz,,8.25,8.25
2024,"OTC MEDICATIONS, VITAMINS, ETC",Tolnaftate Antifungal Cream-.5 oz,,1.2,1.2
2024,"OTC MEDICATIONS, VITAMINS, ETC",Triple Antibiotic Ointment,1 oz,2.1,2.1
2024,"OTC MEDICATIONS, VITAMINS, ETC",Vitamin-Amino Acid,100 tabs,5.6,5.6
2024,"OTC MEDICATIONS, VITAMINS, ETC",Vitamin-C500 Complex,100 tabs,2.7,2.7
2024,"OTC MEDICATIONS, VITAMINS, ETC",Vitamin-Calcium,100 tabs,2.75,2.75
2024,"OTC MEDICATIONS, VITAMINS, ETC",Vitamin-D,,2.3,2.3
2024,"OTC MEDICATIONS, VITAMINS, ETC",Vitamin-E 200 IU,100 tabs,2.8,2.8
2024,"OTC MEDICATIONS, VITAMINS, ETC",Vitamin-Garlic/Oil,100 tabs,2.85,2.85
2024,"OTC MEDICATIONS, VITAMINS, ETC",Vitamin-Multi No Iron,100 tabs,2.6,2.6
2024,"OTC MEDICATIONS, VITAMINS, ETC",Vitamin-Omega,120 tabs,7.5,7.5
2024,OTHER FOOD ITEMS,EK Dill Pickle,15 oz,0.9,0.9
2024,PACKAGED MEAT,Beef Tips & Gravy,,3.0,3.0
2024,PACKAGED MEAT,EH Chunk Chicken,4.5 oz,1.95,1.95
2024,PACKAGED MEAT,EH Low Sodium Chili No Beans,8 oz,2.0,2.0
2024,PACKAGED MEAT,EKH Mackerel-Fillet,3.53 oz,1.5,1.5
2024,PACKAGED MEAT,EKH Sardines,3.53 oz,0.9,0.9
2024,PACKAGED MEAT,EKH Tuna In Water,4.23 oz,1.7,1.7
2024,SHOES,Shower Shoes,,8.0,10.0
2024,SHOES,Work Boot,,30.0,30.0
2024,SNACKS,Almonds,5 oz,1.95,1.95
2024,SNACKS,BBQ Chips,8 oz,1.8,1.8
2024,SNACKS,Cookies- Buds,8 oz,1.1,1.1
2024,SNACKS,Cookies-Marias,,0.65,0.65
2024,SNACKS,Cream Cheese Pound Cake,,1.0,1.0
2024,SNACKS,EGH Sunflower Kernels,6 oz,1.6,1.6
2024,SNACKS,EK Tortilla Chips,16 oz,2.55,2.55
2024,SNACKS,EKH Saltine Cracker,4 oz,0.4,0.4
2024,SNACKS,Jalapeno Cheese Puffs,,2.2,2.2
2024,SNACKS,KH Energizer Mix,4 oz,0.8,0.8
2024,SNACKS,Spicy Pork Skins,2.75 oz,1.2,1.2
2025,ART SUPPLIES,Adult Coloring Book (50 pg),,6.5,6.5
2025,ART SUPPLIES,Colored Pencils,12 pk,4.5,4.5
2025,ART SUPPLIES,Drawing Pad,9x12,3.4,3.4
2025,ART SUPPLIES,Illustration Boards,2 pk,5.0,5.0
2025,ART SUPPLIES,Mini Colored Pencils,24 pk,2.4,2.4
2025,ART SUPPLIES,Protractor Ruler,,0.75,0.75
2025,ART SUPPLIES,Watercolor Pad,9x12,6.75,6.75
2025,ART SUPPLIES,Watercolor Paints,16 colors,3.85,3.85
2025,BEVERAGES,Big Red,12 oz,0.6,0.6
2025,BEVERAGES,Cranberry Juice,11.5 oz,1.4,1.4
2025,BEVERAGES,EK Dr Pepper,12 oz,0.6,0.6
2025,BEVERAGES,Fanta Orange,12 oz,0.6,0.6
2025,BEVERAGES,Fanta Pineapple,12 oz,0.6,0.6
2025,BEVERAGES,KH Diet Dr. Pepper,12 oz,0.6,0.6
2025,BEVERAGES,Mountain Dew,12 oz,0.6,0.6
2025,BEVERAGES,Orange Juice,11.5 oz,1.4,1.4
2025,BEVERAGES,Root Beer,12 oz,0.6,0.6
2025,CANDY,Chick-o-Stick- .7 oz,,0.25,0.25
2025,CANDY,Cinnamon Jawbreaker,10 oz,1.55,1.55
2025,CANDY,EK Peppermint Stick,1 oz,0.15,0.15
2025,CANDY,Fruit Filled Hard Candy,22 oz,2.5,2.5
2025,CANDY,Rainbow Fruit Stick,1 oz,0.15,0.15
2025,CANDY,Sugar Free Jolly Rancher Candy,,3.5,3.5
2025,CANDY,Tootsie Pops,8 pk,1.65,1.65
2025,CANDY,Twix Candy Bar,1.79 oz,1.5,1.5
2025,CLOTHING,Boxer Shorts,,7.65,8.75
2025,CLOTHING,Cooling T-Shirts,,5.0,8.5
2025,CLOTHING,Gym Shorts,,10.5,10.5
2025,CLOTHING,Socks,,1.65,1.65
2025,CLOTHING,T-Shirts,,7.75,35.0
2025,CONDIMENTS,BBQ Sauce,24 oz,2.05,2.05
2025,CONDIMENTS,EG Mustard,14 oz,1.25,1.25
2025,CONDIMENTS,EK Creamy Peanut Butter,18 oz,2.95,2.95
2025,CONDIMENTS,EKH Sweetener,115 pks,1.5,1.5
2025,CONDIMENTS,Grape Jelly,19 oz,2.05,2.05
2025,CONDIMENTS,Non-Dairy Creamer,12 oz,1.85,1.85
2025,CONDIMENTS,Ranch Dressing Pack,2 oz,0.5,0.5
2025,CONDIMENTS,Salsa-Medium,15 oz,4.5,4.5
2025,CONDIMENTS,Salt/Pepper Shaker,4.5 oz,1.85,1.85
2025,CONDIMENTS,Sandwich Spread,15 oz,2.2,2.2
2025,CONDIMENTS,Stevia Sweetener,,1.4,1.4
2025,CONDIMENTS,Strawberry Preserves,19 oz,2.05,2.05
2025,CORRESPONDENCE,Carbon Paper,25 sheets,7.0,7.0
2025,CORRESPONDENCE,Dictionary (English),,7.5,7.5
2025,CORRESPONDENCE,Dictionary (Spanish/English),,6.5,6.5
2025,CORRESPONDENCE,Envelope-#10 Business,,0.05,0.05
2025,CORRESPONDENCE,Eraser-Pencil/Ink,,1.25,1.25
2025,CORRESPONDENCE,Folder Storage,10x15,1.4,1.4
2025,CORRESPONDENCE,Folder w/Pockets-Color,5 pk,4.5,4.5
2025,CORRESPONDENCE,Greeting Cards-Assorted,,0.75,0.75
2025,CORRESPONDENCE,Jumbo Envelope,18x23,1.5,1.5
2025,CORRESPONDENCE,Manilla Envelope-Writ,2 pk,1.25,1.25
2025,CORRESPONDENCE,"Pen-Black ""Property""",,0.3,0.3
2025,CORRESPONDENCE,Pencil Sharpener,,0.75,0.75
2025,CORRESPONDENCE,Pencil-Lead,,0.15,0.15
2025,CORRESPONDENCE,Stamps-Assorted,,0.01,11.0
2025,CORRESPONDENCE,Typing Paper,50 sheets,3.5,3.5
2025,CORRESPONDENCE,Writing Tablet 8x11,50 sheet,5.25,5.25
2025,ELECTRICAL,"Adaptor-1/8""-1/4"" headphone",,1.5,1.5
2025,ELECTRICAL,Adaptor-75/300 ohm,,1.5,1.5
2025,ELECTRICAL,Alarm Clock,,7.5,7.5
2025,ELECTRICAL,ClearTech Lift Off,,1.35,1.35
2025,ELECTRICAL,Clip On Lamp-Plastic,,13.0,13.0
2025,ELECTRICAL,Coax Cable,,2.0,2.0
2025,ELECTRICAL,Dipole Antenna-FM T-Style,,4.25,4.25
2025,ELECTRICAL,Earbud-Stereo,,3.25,3.25
2025,ELECTRICAL,"Fan 9"" Electric",,23.0,23.0
2025,ELECTRICAL,GED Series Calculator,,13.5,13.5
2025,ELECTRICAL,Headphones,,10.0,10.0
2025,ELECTRICAL,Hot Pot w/Insert,,24.5,24.5
2025,ELECTRICAL,LED Light Bulb,,4.5,4.5
2025,ELECTRICAL,Lift Off Correction Ribbon,,2.0,2.0
2025,ELECTRICAL,Multi Outlet (2 plug),,9.0,9.0
2025,ELECTRICAL,Olympia/Clear Tech Ribbon,,5.95,5.95
2025,ELECTRICAL,Radio/Clock-Clear Tech,,20.0,20.0
2025,ELECTRICAL,Solar Calculator,,4.5,4.5
2025,ELECTRICAL,Swintec Printwheel-Pica,,40.0,40.0
2025,ELECTRICAL,Swintec Ribbon-Black,,7.25,7.25
2025,ELECTRICAL,Typewriter-Swintec,,360.0,360.0
2025,FEMALE ONLY,Always Pantiliners,20 ct,1.35,1.35
2025,FEMALE ONLY,Briefs/Panties,3 pk,12.0,12.0
2025,FEMALE ONLY,Eyeliner/Brow Pencil-.05 oz,,5.25,5.25
2025,FEMALE ONLY,Foundation-Asst Shades,1 oz,13.0,16.0
2025,FEMALE ONLY,Hair Dryer-1600 Watts,,31.0,31.0
2025,FEMALE ONLY,Hijab-Females Only,,17.0,17.0
2025,FEMALE ONLY,Hygiene Pack,7 piece,22.0,22.0
2025,FEMALE ONLY,Hygiene Pack,3 piece,9.5,9.5
2025,FEMALE ONLY,Ladies Speed Stick,1.4 oz,2.45,2.45
2025,FEMALE ONLY,Ladies Speed Stick,1.6 oz,0.9,0.9
2025,FEMALE ONLY,Lip Therapy,,2.5,2.5
2025,FEMALE ONLY,Lipstick-Asst Colors,,7.75,8.5
2025,FEMALE ONLY,Mascara-Avon/Black-.21 oz,,10.0,10.0
2025,FEMALE ONLY,Maxi Pads,22 ct,3.0,3.0
2025,FEMALE ONLY,Ogilvie Hair Perm,,23.0,23.0
2025,FEMALE ONLY,Sports Bra,,4.0,4.75
2025,FEMALE ONLY,"Storage Box-14""x8""x8""",,40.0,40.0
2025,FEMALE ONLY,Tweezer-Blunt,,0.75,0.75
2025,GAMES,Chess Set,,9.0,9.0
2025,HYGIENE,Ad Seg Colgate,1 oz,1.0,1.0
2025,HYGIENE,Ad Seg Shampoo,4 oz,0.55,0.55
2025,HYGIENE,Afta After Shave,3 oz,4.5,4.5
2025,HYGIENE,Antibacterial Lotion,4 oz,1.6,1.6
2025,HYGIENE,Antibacterial Soap,1.25 oz,0.15,0.15
2025,HYGIENE,Antifungal Foot Powder,3.5 oz,3.25,3.25
2025,HYGIENE,Baby Powder,,2.8,2.8
2025,HYGIENE,Blue Magic Hair Cond,12 oz,3.75,3.75
2025,HYGIENE,Cocoa Butter Lotion,15 oz,1.6,1.6
2025,HYGIENE,Colgate Toothpaste,6 oz,3.0,3.0
2025,HYGIENE,Conditioner,15 oz,1.35,1.35
2025,HYGIENE,Cotton Swabs,100 ct,0.55,0.55
2025,HYGIENE,Dandruff Shampoo,12 oz,2.25,2.25
2025,HYGIENE,Dental Floss Picks,,1.15,1.15
2025,HYGIENE,Dial Soap,1.25 oz,0.4,0.4
2025,HYGIENE,Efferdent,102 tablets,7.75,7.75
2025,HYGIENE,Fixodent Denture,,5.0,5.0
2025,HYGIENE,Hair Brush-No Handle,,1.1,1.1
2025,HYGIENE,Hair Gel,15 oz,2.15,2.15
2025,HYGIENE,Lubriderm Lotion,,6.0,6.0
2025,HYGIENE,Magic Shave Cream,6 oz,7.0,7.0
2025,HYGIENE,Medi/Cleanse Cream,8 oz,2.0,2.0
2025,HYGIENE,Medicated Powder,,2.1,2.1
2025,HYGIENE,Nail Clippers,,0.25,0.25
2025,HYGIENE,Petroleum Jelly,4 oz,1.75,1.75
2025,HYGIENE,Pocket Comb,,0.3,0.3
2025,HYGIENE,Ponytail Holders,10 pk,1.4,1.4
2025,HYGIENE,Razor Disposable,10 pk,1.2,1.2
2025,HYGIENE,Sensodyne Toothpaste,4 oz,10.5,10.5
2025,HYGIENE,Shampoo,15 oz,1.35,1.4
2025,HYGIENE,Toilet Tissue (roll),,0.9,0.9
2025,ICE CREAM,Blue Bell Pints- Asst Flavors,,3.8,3.8
2025,ICE CREAM,Chocolate Fudge Bar,,0.8,0.8
2025,ICE CREAM,Cookies & Cream I/C/S,,0.8,0.8
2025,ICE CREAM,Krunch Bar,,0.8,0.8
2025,ICE CREAM,Moo Bar,,0.8,0.8
2025,ICE CREAM,Vanilla Ice Cream Sandwich,,0.8,0.8
2025,INSTANT DRINK MIXES,EH Milk-Instant Nonfat,4 oz,1.15,1.15
2025,INSTANT DRINK MIXES,EH Sugar Free Drink Mix,8 pk,0.75,0.75
2025,INSTANT DRINK MIXES,EK Cappuccino-Asst Flavors,,2.15,2.15
2025,INSTANT DRINK MIXES,EK Columbian Coffee,4.5 oz,4.75,4.75
2025,INSTANT DRINK MIXES,EK Plantation Coffee,4.5 oz,1.45,1.45
2025,INSTANT DRINK MIXES,EKH Electrolyte Mix-Asst Flavors,,0.15,0.15
2025,INSTANT DRINK MIXES,GH Nutrition Shake,11 oz,3.25,3.25
2025,INSTANT DRINK MIXES,Hot Chocolate,10 oz,1.95,1.95
2025,INSTANT DRINK MIXES,Sugar Free Hot Chocolate,,1.95,1.95
2025,INSTANT DRINK MIXES,Tea Bags,100 bags,3.6,3.6
2025,INSTANT FOODS,Cereal-Assorted Flavors,20 oz,4.05,4.05
2025,INSTANT FOODS,EH Low Sodium Ramen Noodles,,0.35,0.35
2025,INSTANT FOODS,EH Oatmeal Variety (10 Pk),12.4 oz,2.4,2.4
2025,INSTANT FOODS,EK Potatoes-4 Cheese,4 oz,2.85,2.85
2025,INSTANT FOODS,EK White Rice-Instant,8 oz,1.6,1.6
2025,INSTANT FOODS,Pasta - Instant,9 oz,2.6,2.6
2025,INSTANT FOODS,Refried Beans-Instant,15 oz,2.3,2.3
2025,JEWELRY / RELIGIOUS,Chain/Lanyard,,0.55,0.55
2025,JEWELRY / RELIGIOUS,Hat-White Knitted,,8.0,8.0
2025,JEWELRY / RELIGIOUS,Hat-White Solid,,0.75,0.75
2025,JEWELRY / RELIGIOUS,Medallions,,5.75,22.5
2025,JEWELRY / RELIGIOUS,Medicine Bag,,2.0,2.0
2025,JEWELRY / RELIGIOUS,Prayer Oil,4 oz,21.0,21.0
2025,JEWELRY / RELIGIOUS,Wood Rune Set,,5.25,5.25
2025,KOSHER ITEMS,Cheese Ravioli,12 oz,6.0,6.0
2025,KOSHER ITEMS,Matzo Crackers,10 oz,4.5,4.5
2025,KOSHER ITEMS,Stuffed Chicken,12 oz,9.5,9.5
2025,MALE ONLY,Hygiene Pack,3 piece,8.5,10.0
2025,MALE ONLY,Mennen Antiperspirant,3 oz,3.0,3.0
2025,MALE ONLY,Mennen Deodorant,3 oz,1.9,1.9
2025,MISCELLANEOUS,Battery AA,,0.5,0.5
2025,MISCELLANEOUS,Bowl - Plastic,,0.6,1.4
2025,MISCELLANEOUS,Commissary Mesh Bag,,4.0,4.5
2025,MISCELLANEOUS,Cooling Towel,,2.0,2.0
2025,MISCELLANEOUS,Ear Plugs,,0.2,0.2
2025,MISCELLANEOUS,Handkerchief,,1.5,1.5
2025,MISCELLANEOUS,ID Badge,,0.65,1.25
2025,MISCELLANEOUS,Jersey Gloves-Cotton,,0.85,0.85
2025,MISCELLANEOUS,Laces-45 inch White,,1.5,1.5
2025,MISCELLANEOUS,Laces-54 inch White,,1.8,1.8
2025,MISCELLANEOUS,Laces-Boot-54 inch Tan,,1.4,1.4
2025,MISCELLANEOUS,Mug - Plastic,,4.4,4.4
2025,MISCELLANEOUS,Padlock w/Key,,17.0,17.0
2025,"OTC MEDICATIONS, VITAMINS, ETC",Acne Benzoyl 10%,1.5 oz,4.35,4.35
2025,"OTC MEDICATIONS, VITAMINS, ETC",Alcalak Antacid,24 tabs,1.95,1.95
2025,"OTC MEDICATIONS, VITAMINS, ETC",Artificial Tears Eye Drops-.5 oz,,2.8,2.8
2025,"OTC MEDICATIONS, VITAMINS, ETC",Aspirin,24 tabs,1.8,1.8
2025,"OTC MEDICATIONS, VITAMINS, ETC",Aspirin Free-APAP,24 tabs,1.65,1.65
2025,"OTC MEDICATIONS, VITAMINS, ETC",Blistex Medicated Lip Balm,,1.85,1.85
2025,"OTC MEDICATIONS, VITAMINS, ETC",Calamine Lotion,6 oz,2.75,2.75
2025,"OTC MEDICATIONS, VITAMINS, ETC",Chlorphen Tabs,24 tabs,1.0,1.0
2025,"OTC MEDICATIONS, VITAMINS, ETC",Clotrimazole Antifungal Cream,,1.25,1.25
2025,"OTC MEDICATIONS, VITAMINS, ETC",Cold-Eze Lozenges,,10.5,10.5
2025,"OTC MEDICATIONS, VITAMINS, ETC",Diamode-Anti Diarrheal,6 pks,1.35,1.35
2025,"OTC MEDICATIONS, VITAMINS, ETC",Earwax Drops,15 ml,2.25,2.25
2025,"OTC MEDICATIONS, VITAMINS, ETC",Fiber Lax,90 tabs,7.0,7.0
2025,"OTC MEDICATIONS, VITAMINS, ETC",Hemorrhoid Ointment,2 oz,4.45,4.45
2025,"OTC MEDICATIONS, VITAMINS, ETC",Hydrocortisone Cream,1 oz,1.85,1.85
2025,"OTC MEDICATIONS, VITAMINS, ETC",Ibutab-Ibuprofen,24 tabs,3.5,3.5
2025,"OTC MEDICATIONS, VITAMINS, ETC",Laxative-Bisacodyl,25 tabs,1.85,1.85
2025,"OTC MEDICATIONS, VITAMINS, ETC",Loratadine Allergy,30 tabs,2.5,2.5
2025,"OTC MEDICATIONS, VITAMINS, ETC",Milk Thistle,60 tabs,5.5,5.5
2025,"OTC MEDICATIONS, VITAMINS, ETC",Milk of Magnesia,4 oz,4.25,4.25
2025,"OTC MEDICATIONS, VITAMINS, ETC",Monistat,,10.0,10.0
2025,"OTC MEDICATIONS, VITAMINS, ETC",Nasacort Nasal Spray,,20.0,20.0
2025,"OTC MEDICATIONS, VITAMINS, ETC",Pepto Bismuth,30 tabs,2.75,2.75
2025,"OTC MEDICATIONS, VITAMINS, ETC",Simethicone Anti/Gas,36 tabs,2.3,2.3
2025,"OTC MEDICATIONS, VITAMINS, ETC",Sunscreen-SPF,4 oz,6.0,6.0
2025,"OTC MEDICATIONS, VITAMINS, ETC",Terbinafine Antifungal Crm-.5 oz,,8.25,8.25
2025,"OTC MEDICATIONS, VITAMINS, ETC",Tolnaftate Antifungal Cream-.5 oz,,1.2,1.2
2025,"OTC MEDICATIONS, VITAMINS, ETC",Triple Antibiotic Ointment,1 oz,2.1,2.1
2025,"OTC MEDICATIONS, VITAMINS, ETC",Vitamin-Amino Acid,100 tabs,5.95,5.95
2025,"OTC MEDICATIONS, VITAMINS, ETC",Vitamin-C500 Complex,100 tabs,2.75,2.75
2025,"OTC MEDICATIONS, VITAMINS, ETC",Vitamin-Calcium,100 tabs,2.75,2.75
2025,"OTC MEDICATIONS, VITAMINS, ETC",Vitamin-D,,2.3,2.3
2025,"OTC MEDICATIONS, VITAMINS, ETC",Vitamin-E 200 IU,100 tabs,4.5,4.5
2025,"OTC MEDICATIONS, VITAMINS, ETC",Vitamin-Garlic/Oil,100 tabs,2.85,2.85
2025,"OTC MEDICATIONS, VITAMINS, ETC",Vitamin-Multi No Iron,100 tabs,3.0,3.0
2025,"OTC MEDICATIONS, VITAMINS, ETC",Vitamin-Omega,120 tabs,7.5,7.5
2025,PACKAGED MEAT,Beef Tips & Gravy,,2.85,2.85
2025,PACKAGED MEAT,EH Chicken Chili w/Beans,8 oz,1.9,1.9
2025,PACKAGED MEAT,EH Chunk Chicken,4.5 oz,1.95,1.95
2025,PACKAGED MEAT,EH Low Sodium Chili No Beans,8 oz,2.25,2.25
2025,PACKAGED MEAT,EKH Mackerel-Fillet,3.53 oz,1.75,1.75
2025,PACKAGED MEAT,EKH Sardines,3.53 oz,0.9,0.9
2025,PACKAGED MEAT,EKH Tuna In Water,4.23 oz,1.7,1.7
2025,PACKAGED MEAT,Pink Salmon,,2.5,2.5
2025,SHOES,Shower Shoes,,8.0,9.25
2025,SNACKS,Almonds,5 oz,1.95,1.95
2025,SNACKS,BBQ Chips,8 oz,1.8,1.8
2025,SNACKS,Cookies- Buds,8 oz,1.5,1.5
2025,SNACKS,Cookies-Marias,,0.65,0.65
2025,SNACKS,Cream Cheese Pound Cake,,1.2,1.2
2025,SNACKS,EGH Sunflower Kernels,6 oz,1.6,1.6
2025,SNACKS,EK Tortilla Chips,16 oz,2.55,2.55
2025,SNACKS,EKH Saltine Cracker,4 oz,0.6,0.6
2025,SNACKS,Jalapeno Cheese Puffs,,2.2,2.2
2025,SNACKS,KH Energizer Mix,4 oz,0.8,0.8
2025,SNACKS,Spicy Pork Skins,2.75 oz,1.2,1.2
